code_article,gencod,marque_produit,nom_produit,prix_produit,reference,url_produit
0410039,8714982184406,cm,"Étagère pliante 25,5x55,5x109,6 cm","65,00 €",BPH151,https://www.lamaison.fr/0410039.html
0353956,8714982129759,cm,"Étagère d'angle pliante 31,1x30,7x114,0 cm","69,00 €",BPH86,https://www.lamaison.fr/0353956.html
0428378,null,(unité),"Pavé tour d'arbre pierre L.17 x l.13 x ép.4,5 cm (unité)","2,65 €",212634,https://www.lamaison.fr/0428378.html
0428379,null,(unité),"Pavé tour d'arbre anthracite L.17 x l.13 x ép.4,5 cm (unité)","2,65 €",212649,https://www.lamaison.fr/0428379.html
0428377,null,(unité),Pavé Touraine anthracite L.12 x l.12 x ép.2 cm (unité),"0,95 €",212648,https://www.lamaison.fr/0428377.html
0353957,8714982129766,cm,"Étagère droite pliante 60x30,5x113,2 cm","119,00 €",BPH87,https://www.lamaison.fr/0353957.html
0444769,3700164724695,cm,"Bordure plate avec pente pierre L.50xl.19,5 x ép.5,5 cm","7,70 €",212469,https://www.lamaison.fr/0444769.html
0503329,8435332640433,blanc,Dalle Tarima 40x40x4 cm blanc,"21,50 €",235TAMIRABLAN40,https://www.lamaison.fr/0503329.html
0445688,null,noir,Brique de jardinière 500x50x90 mm noir,"2,17 €",A018K5,https://www.lamaison.fr/0445688.html
0445694,null,blanc,Brique de jardinière 500x50x90 mm blanc,"3,02 €",A018KU,https://www.lamaison.fr/0445694.html
0533077,3700081424043,"1,5m","Traverse paysagère en pin CL4 marron brut de sciage 1,5m","21,56 €",12A100104/012,https://www.lamaison.fr/0533077.html
0534536,8422502083022,Lop,Bordure Clicktrunk Lop,"31,90 €",2021886,https://www.lamaison.fr/0534536.html
0534539,8422502576470,Lop,Bordure Clickboard Lop,"26,50 €",2021890,https://www.lamaison.fr/0534539.html
0531400,3760208357647,100x20x12cm,Traverse schiste 100x20x12cm,,0765,https://www.lamaison.fr/0531400.html
8063498,3217777212773,Frein,Frein,"3,35 €",721277,https://www.lamaison.fr/8063498.html
0350344,3217777230081,pneus,Kit de réparation + démonte pneus,"3,95 €",723008,https://www.lamaison.fr/0350344.html
0353413,3217777230043,5ml,Tube de dissolution 5ml,"1,25 €",723004,https://www.lamaison.fr/0353413.html
0364066,3217777210618,75ml,Lubrifiant chaîne 75ml,"3,95 €",721061,https://www.lamaison.fr/0364066.html
0353412,3217777230074,réparation,Kit de réparation,"1,70 €",723007,https://www.lamaison.fr/0353412.html
8065325,3217777239534,pied,Pompe sur pied,"7,00 €",723953,https://www.lamaison.fr/8065325.html
0356578,3217777230029,réparation,Pièces de réparation,"1,30 €",723002,https://www.lamaison.fr/0356578.html
0365722,3217777230111,75ml,Répare crevaison 75ml,"3,70 €",723011,https://www.lamaison.fr/0365722.html
0368240,3217777211127,renforcée,Chaîne 5-8 vitesses renforcée,"10,25 €",721112,https://www.lamaison.fr/0368240.html
0329803,3217777245740,tréssée,Guidoline tréssée,"5,35 €",724574,https://www.lamaison.fr/0329803.html
0403148,3234640034683,MOTTEZ,Range 5 vélos mural ,"84,90 €",B130P,https://www.lamaison.fr/0403148.html
0403150,3234640034317,MOTTEZ,Range 1 vélo mural pivotant à 180°,"24,90 €",B049Q,https://www.lamaison.fr/0403150.html
0403169,3234640021881,MOTTEZ,Râtelier universel 2 éléments MOTTEZ,"24,90 €",B013F2,https://www.lamaison.fr/0403169.html
0403152,3234640030234,MOTTEZ,Crochet vélo fixation par la roue ,"3,90 €",B012V,https://www.lamaison.fr/0403152.html
0403153,3234640030241,MOTTEZ,Crochet vélo gainé fixation par la roue ,"6,90 €",B012G,https://www.lamaison.fr/0403153.html
0403155,3234640036496,MOTTEZ,Crochet 1 vélo mural gainé,"10,90 €",B046Q,https://www.lamaison.fr/0403155.html
0403151,3234640032559,MOTTEZ,Support 2 vélos mural rabattable,"32,90 €",B053QRA,https://www.lamaison.fr/0403151.html
0403156,3234640032214,MOTTEZ,Support 2 vélos mural,"24,90 €",B053F,https://www.lamaison.fr/0403156.html
0403149,3234640032030,MOTTEZ,Râtelier 5 vélos face à face au sol,"78,90 €",B131V,https://www.lamaison.fr/0403149.html
0403157,3234640053264,MOTTEZ,Crochet vélo mural fixation par la pédale,"6,50 €",B215V,https://www.lamaison.fr/0403157.html
0268417,3217777247799,T.M,Couvre-selle gel T.M,"13,40 €",724779,https://www.lamaison.fr/0268417.html
0268405,3217777223502,"0,9m","Chaîne antivol + cadenas Longueur 0,9m","6,00 €",722350,https://www.lamaison.fr/0268405.html
0268353,3217777221201,6mm,"Antivol spirale à clé Longueur 1,50m - Ø 6mm","5,15 €",722120,https://www.lamaison.fr/0268353.html
0268352,3217777211493,vitesses,Attache rapide chaîne 5-8 vitesses,"1,75 €",721149,https://www.lamaison.fr/0268352.html
0268364,3217777239855,valve,Raccord de pompe grosse valve,"1,50 €",723985,https://www.lamaison.fr/0268364.html
0268420,3217777220167,homologué,Feu arrière homologué,"6,32 €",722016,https://www.lamaison.fr/0268420.html
0196271,4001116029684,ALFER,Porte-outil acier zingué 90 mm ALFER,"4,29 €",02968,https://www.lamaison.fr/0196271.html
0196272,4001116029691,ALFER,Porte-outil acier zingué 175 mm ALFER,"5,39 €",02969,https://www.lamaison.fr/0196272.html
0196273,4001116029707,ALFER,Porte-outil acier zingué 250 mm ALFER,"6,99 €",02970,https://www.lamaison.fr/0196273.html
0196274,4001116029714,ALFER,Porte-outil acier zingué 325 mm ALFER,"7,69 €",02971,https://www.lamaison.fr/0196274.html
0267969,3217770737686,pied,Pompe à pied,"18,80 €",73768,https://www.lamaison.fr/0267969.html
0267970,3217770738546,Roue,Mini compresseur à air Type Roue,"18,33 €",73854,https://www.lamaison.fr/0267970.html
0268365,3217777239909,PERF,Kit de gonflage multi-usages PERF,"3,50 €",723990,https://www.lamaison.fr/0268365.html
0357345,8422341599098,ASTIGARRAGA,Coffre de rangement en pin,"79,95 €","CF8040,99",https://www.lamaison.fr/0357345.html
0268404,3217777239459,250mm,Mini pompe longueur 250mm,"8,35 €",723945,https://www.lamaison.fr/0268404.html
0268368,3217777210403,m,"Câble de frein VTT avant ou arrière longueur 1,80 m","1,40 €",721040,https://www.lamaison.fr/0268368.html
0268407,3217777239305,300mm,Pompe plastique gros diamètre longueur 300mm,"7,25 €",723930,https://www.lamaison.fr/0268407.html
0268406,3217777212766,tige,2 Patins de frein V-Brake à tige,"2,65 €",721276,https://www.lamaison.fr/0268406.html
0268917,8422341499657,ASTIGARRAGA,Étagère modulaire Dinamic 1 cube,"24,95 €",DMC100.99,https://www.lamaison.fr/0268917.html
0268919,8422341499664,ASTIGARRAGA,Étagère modulaire Dinamic 2 cubes,"41,90 €",DMC200.99,https://www.lamaison.fr/0268919.html
0268921,8422341499688,ASTIGARRAGA,Étagère modulaire Dinamic 4 cubes,"67,90 €",DMC400.99,https://www.lamaison.fr/0268921.html
0268920,8422341499671,ASTIGARRAGA,Étagère modulaire Dinamic 3 cubes,"58,95 €",DMC300.99,https://www.lamaison.fr/0268920.html
0268918,8422341499756,ASTIGARRAGA,Étagère modulaire Dinamic 1 cube avec tablette,"32,90 €",DMC120.99,https://www.lamaison.fr/0268918.html
0316933,8422341499848,ASTIGARRAGA,Meuble 1/2 TV Dinamic ASTIGARRAGA,"51,50 €",DMC2TV.99,https://www.lamaison.fr/0316933.html
0426052,3127600007301,Tuile/Ardoise,Chapeau de toiture Ø150/160 + 2 Capots Tuile/Ardoise,"72,90 €",000730,https://www.lamaison.fr/0426052.html
0396545,3127602000720,AUTOGYRE,Grille d'aération avec moustiquaire 120x120mm - AUTOGYRE,"7,49 €",200072,https://www.lamaison.fr/0396545.html
0268915,8422341599746,ASTIGARRAGA,Étagère à lattes NATURA 5 tablettes pin massif,"29,95 €",NC5400.99,https://www.lamaison.fr/0268915.html
0493710,3760176962331,cm,Ventilateur brumisateur d'intérieur 115 cm,"149,00 €",233,https://www.lamaison.fr/0493710.html
0313700,8422341499060,ASTIGARRAGA,Porte supplémentaire DINAMIC,"16,95 €",DMPS00.99,https://www.lamaison.fr/0313700.html
0268916,8422341599012|8422341399988,ASTIGARRAGA,Étagère 5 tablettes réglables en hauteur,"38,95 €",NAT565.99,https://www.lamaison.fr/0268916.html
0302310,3127609125259,AUTOGYRE,Grille d'aération avec moustiquaire 250x250 mm - AUTOGYRE,"16,29 €",912525,https://www.lamaison.fr/0302310.html
0154776,3127609120209,AUTOGYRE,Grille d'aération avec moustiquaire 200x200mm - AUTOGYRE,"9,99 €",912020,https://www.lamaison.fr/0154776.html
0396531,3127600125166,AUTOGYRE,Grille réglable 250x168mm - AUTOGYRE,"22,49 €",12516,https://www.lamaison.fr/0396531.html
0154772,3127602009235,AUTOGYRE,Grille d'aération avec moustiquaire 260x90mm - AUTOGYRE,"8,50 €",200923,https://www.lamaison.fr/0154772.html
0396529,3127602009297,AUTOGYRE,Grille d'aération avec moustiquaire 260x240mm - AUTOGYRE,"15,90 €",200929,https://www.lamaison.fr/0396529.html
0396535,3127609015154,AUTOGYRE,Grille d'aération avec moustiquaire 150x150 mm - AUTOGYRE,"9,99 €",901515,https://www.lamaison.fr/0396535.html
0396528,3127609825258,AUTOGYRE,Grille d'aération avec moustiquaire 250x250 mm - AUTOGYRE,"16,99 €",982525,https://www.lamaison.fr/0396528.html
0156082,3127602009266|3127604009264,AUTOGYRE,Grille d'aération avec moustiquaire 260x165mm - AUTOGYRE,"12,50 €",200926,https://www.lamaison.fr/0156082.html
0208920,3127602000423,AUTOGYRE,Grille d'aération avec moustiquaire 251x129mm - AUTOGYRE,"8,79 €",200042,https://www.lamaison.fr/0208920.html
8051181,3127602001789,AUTOGYRE,Grille menuiserie extra-plate 251x108mm - AUTOGYRE,"4,49 €",200178,https://www.lamaison.fr/8051181.html
0396539,3127602005015,AUTOGYRE,Clapet extérieur à volets ø 100-130mm - AUTOGYRE,"15,90 €",200501,https://www.lamaison.fr/0396539.html
0302327,3127609100133,AUTOGYRE,Grille d'aération avec moustiquaire 240x50mm - AUTOGYRE,"7,90 €",910013,https://www.lamaison.fr/0302327.html
0155208,3127609115151,AUTOGYRE,Grille d'aération avec moustiquaire 150x150 mm - AUTOGYRE,"7,79 €",911515,https://www.lamaison.fr/0155208.html
0396542,3127600210107,AUTOGYRE,Grille d'aération sans moustiquaire 100x100mm - AUTOGYRE,"4,50 €",21010,https://www.lamaison.fr/0396542.html
0156079,3127602000737,AUTOGYRE,Grille d'aération avec moustiquaire 140x140 mm - AUTOGYRE,"7,90 €",200073,https://www.lamaison.fr/0156079.html
0396538,3127602005039,AUTOGYRE,Clapet extérieur à volets ø 100-130mm - AUTOGYRE,"15,90 €",200503,https://www.lamaison.fr/0396538.html
0396508,3127600006342,AUTOGYRE,Bouche extraction réglable ø80mm - 0 à 75m³/h - AUTOGYRE,"13,59 €",634,https://www.lamaison.fr/0396508.html
0302248,3127601028701,AUTOGYRE,Extracteur série DISCRESSIO 100 standard - AUTOGYRE,"58,90 €",102870,https://www.lamaison.fr/0302248.html
0396500,3127600003402,30m³/h-AUTOGYRE,Entrée d'air spécial coffre de volet roulant 30m³/h-AUTOGYRE,"18,90 €",340,https://www.lamaison.fr/0396500.html
0396490,3701071981072,mm,Gaine en PVC souple isolée 6m filet L25 Ø160 mm,"39,99 €",61016006,https://www.lamaison.fr/0396490.html
0156078,3127600003068|3127600003617,AUTOGYRE,Entrée d'air multi-débits 15-22-30m³/h - AUTOGYRE ,"6,90 €",000361,https://www.lamaison.fr/0156078.html
0229886,3127600003709,AUTOGYRE,Entrée d'air acoustique multi-débits 15-22-30m³/h - AUTOGYRE,"20,90 €",370,https://www.lamaison.fr/0229886.html
0154788,3127600003556|3127600003600|3127604003606,AUTOGYRE,Entrée d'air multi-débits 15-22-30m³/h - AUTOGYRE,"6,90 €",400360,https://www.lamaison.fr/0154788.html
0396496,3127600007820,AUTOGYRE,Bouche extraction Salle de bain Ø80mm-10/45 m3/h - AUTOGYRE,"79,90 €",782,https://www.lamaison.fr/0396496.html
0396510,3701071981034,mm,Gaine en PVC souple isolée 6m filet L25 Ø80 mm,"29,90 €",61008006,https://www.lamaison.fr/0396510.html
0374483,3701071981140,AUTOGYRE,Gaine VMC souple PVC Longueur 6m - AUTOGYRE,"11,49 €",60008006,https://www.lamaison.fr/0374483.html
8051481,3127602009228,AUTOGYRE,Grille plastique 165x86mm avec moustiquaire - AUTOGYRE ,"6,49 €",200922,https://www.lamaison.fr/8051481.html
0374487,3701071981096,AUTOGYRE,Gaine VMC souple PVC Longueur 3m - AUTOGYRE,"7,99 €",60008003,https://www.lamaison.fr/0374487.html
0302321,3127609820208,AUTOGYRE,Grille Alu Blanc 200x200mm - avec moustiquaire - AUTOGYRE ,"10,90 €",982020,https://www.lamaison.fr/0302321.html
0154769,3127601000011|3127601001001,AUTOGYRE,Aérateur fenêtre à volets Ø156 mm - AUTOGYRE,"26,99 €",100001,https://www.lamaison.fr/0154769.html
0302316,3127609810100,AUTOGYRE,Grille Alu Blanc 100x100mm avec moustiquaire - AUTOGYRE,"5,75 €",981010,https://www.lamaison.fr/0302316.html
0396522,3127604750456,AUTOGYRE,Clapet extérieur à lamelles ø100/125 - 110 x 54mm - AUTOGYRE,"7,99 €",475045,https://www.lamaison.fr/0396522.html
0374482,3701071981164,AUTOGYRE,Gaine VMC souple PVC Longueur 6m - AUTOGYRE,"18,90 €",60012506,https://www.lamaison.fr/0374482.html
0396481,3127601007102,AUTOGYRE,Kit VMC autoréglable Styl'air BC - AUTOGYRE,"129,90 €",100710,https://www.lamaison.fr/0396481.html
0362688,3127602004001|3127601005207,AUTOGYRE,Kit VMC Renouvel'Air 2 - AUTOGYRE,"77,90 €",200400,https://www.lamaison.fr/0362688.html
0302325,3127609100126,AUTOGYRE,Grille d'aération Alu anodisé - 50x180 mm - AUTOGYRE,"6,90 €",910012,https://www.lamaison.fr/0302325.html
0208919,3127602000324,AUTOGYRE,Grille aérante 78x179mm - 100cm² - AUTOGYRE ,"4,95 €",200032,https://www.lamaison.fr/0208919.html
0396509,3127600006380,AUTOGYRE,Bouche extraction réglable ø125mm - 0 à 180m³/h - AUTOGYRE,"16,90 €",638,https://www.lamaison.fr/0396509.html
0396540,3127602009853,AUTOGYRE,Grille plastique 140x140mm réglable - AUTOGYRE,"11,49 €",200985,https://www.lamaison.fr/0396540.html
code_article,gencod,marque_produit,nom_produit,prix_produit,reference,url_produit
0546998,3365000210758,STARWAX,Sel d'oseille 1kg STARWAX FABULOUS,"16,50 €",21075,https://www.lamaison.fr/0546998.html
0534568,3519220065203,1L,Dégraissant fort multi-usages concentré 1L,"11,50 €",6520,https://www.lamaison.fr/0534568.html
0534569,3519220065081,1L,Liquide vaisselle superdégraissant ultra concentré 1L,"8,95 €",6508,https://www.lamaison.fr/0534569.html
0369710,3469272080832,TERAGILE,Vesce 250g,"5,50 €",GAZ333166,https://www.lamaison.fr/0369710.html
0544205,3365000055489,STARWAX,Décapant choc rénovateur wc 1L STARWAX,"10,95 €",5548,https://www.lamaison.fr/0544205.html
0547418,3365000210383,STARWAX,Acide citrique 1 kg Starwax Fabulous,"12,50 €",21038,https://www.lamaison.fr/0547418.html
0160400,3469272080788|3266220018264|3469272080214|3469272080443,TERAGILE,Betterave jaune Vauriac 500g,"14,50 €",GAZ,https://www.lamaison.fr/0160400.html
0369711,3469272080856,TERAGILE,Betterave géante rouge 250g,"9,50 €",GAZ333566,https://www.lamaison.fr/0369711.html
0132251,3469272080764|3469272080047|3469272080054|3266220077490,TERAGILE,Luzerne 1kg,"18,95 €",GAZ33467,https://www.lamaison.fr/0132251.html
0357975,8713235048588,GALLAGHER,Pile Powerpack 9V/175Ah GALLAGHER,"53,49 €",48588,https://www.lamaison.fr/0357975.html
0503405,4008496746347,VARTA,Pile électronique alcaline V13GA/LR44 VARTA x2,"3,99 €",4,https://www.lamaison.fr/0503405.html
0498055,3154020025875,GYS,Booster lithium NOMAD POWER 300,"119,00 €",25875,https://www.lamaison.fr/0498055.html
0357976,8713235075188,GALLAGHER,"Batterie 6V 4Ah pour S10, S16, S20 GALLAGHER","29,99 €",75188,https://www.lamaison.fr/0357976.html
8065382,3217777243555,aluminium,Porte bidon aluminium,"3,40 €",724355,https://www.lamaison.fr/8065382.html
0329786,3217770121539,numérique,Montre numérique,"8,02 €",012153,https://www.lamaison.fr/0329786.html
0427079,3217777244026,fil,Compteur 21 fonctions sans fil,"19,90 €",724402,https://www.lamaison.fr/0427079.html
0369712,3469272080849,TERAGILE,Maïs 250g,"7,95 €",GAZ334266,https://www.lamaison.fr/0369712.html
0369709,3469272080801,TERAGILE,Seigle 250g TERAGILE,"5,50 €",GAZ333366,https://www.lamaison.fr/0369709.html
0276126,3469272080535|3469272080696,TERAGILE,Couvert végétal spécial potager 500g,"11,50 €",GAZ33478,https://www.lamaison.fr/0276126.html
0126291,3469272080641|3469272080108|3469272080009|3469272080252|3266220077292,TERAGILE,Navette Jupiter 500g,"8,50 €",GAZ33408,https://www.lamaison.fr/0126291.html
0369708,3469272080825,TERAGILE,Sarrasin 250g,"5,95 €",GAZ333066,https://www.lamaison.fr/0369708.html
0268353,3217777221201,6mm,"Antivol spirale à clé Longueur 1,50m - Ø 6mm","5,15 €",722120,https://www.lamaison.fr/0268353.html
0268405,3217777223502,"0,9m","Chaîne antivol + cadenas Longueur 0,9m","6,00 €",722350,https://www.lamaison.fr/0268405.html
0268417,3217777247799,T.M,Couvre-selle gel T.M,"13,40 €",724779,https://www.lamaison.fr/0268417.html
0386765,0886661921720,STIHL,Lunettes de protection Dynamic Light plus teintées STIHL,"22,20 €",0000-884-0371,https://www.lamaison.fr/0386765.html
0268420,3217777220167,homologué,Feu arrière homologué,"6,32 €",722016,https://www.lamaison.fr/0268420.html
8060427,3217777220525,homologué,Kit d'éclairage homologué,"14,02 €",722052,https://www.lamaison.fr/8060427.html
8063579,3217777213206,plastiques,Paire de pédales VTT plastiques,"6,40 €",72320,https://www.lamaison.fr/8063579.html
8065174,3217777245603,Sport,Poignées Sport,"3,75 €",724560,https://www.lamaison.fr/8065174.html
0294973,3217777221249,Ø10mm,"Antivol spirale à chiffres Longueur 1,50m Ø10mm","7,70 €",722124,https://www.lamaison.fr/0294973.html
0294972,3217777220617,arrière,Kit d'éclairage silicone avant et arrière,"8,22 €",722061,https://www.lamaison.fr/0294972.html
0427078,3217777244019,filaire,Compteur 9 fonctions filaire,"7,90 €",724401,https://www.lamaison.fr/0427078.html
0428995,886661921195|0886661921195,STIHL,Lunettes de protection Dynamic contrast claires STIHL,"15,10 €",0000-884-0366,https://www.lamaison.fr/0428995.html
0428997,886661921089|0886661921089,STIHL,Lunettes de protection Dynamic contrast Orange STIHL,"15,10 €",0000-884-0364,https://www.lamaison.fr/0428997.html
0428996,886661921058|0886661921058,STIHL,Lunettes de protection Dynamic contrast jaunes STIHL,"15,10 €",0000-884-0363,https://www.lamaison.fr/0428996.html
0397984,4008496681532,VARTA,Pile alcaline longlife max POWER LR06/AA (x8),"12,59 €",4706101418,https://www.lamaison.fr/0397984.html
0428998,886661921102|0886661921102,STIHL,Lunettes de protection Dynamic contrast Teintées STIHL,"15,10 €",0000-884-0365,https://www.lamaison.fr/0428998.html
0357974,8713235007578,GALLAGHER,Pile Powerpack 9V/55Ah GALLAGHER,"23,99 €",7578,https://www.lamaison.fr/0357974.html
0397982,4008496559787,VARTA,Pile alcaline longlife POWER LR03/AAA (x8),"10,95 €",4903121418,https://www.lamaison.fr/0397982.html
0397983,4008496559909,VARTA,Pile alcaline longlife POWER 9V/6LP3146 (x2),"9,90 €",4922121412,https://www.lamaison.fr/0397983.html
0398011,4008496747276,VARTA,Pile alcaline N/LR1 (x2),"5,50 €",4001101402,https://www.lamaison.fr/0398011.html
0397989,4008496525423,VARTA,Pile alcaline longlife 6LR61/9V (x1),"4,09 €",4122101411,https://www.lamaison.fr/0397989.html
0426012,4008496747009,VARTA,Pile électronique alcaline V27A (x1),"4,99 €",4227101401,https://www.lamaison.fr/0426012.html
0398010,4008496680641,VARTA,Testeur de piles VARTA,"11,90 €",891101401,https://www.lamaison.fr/0398010.html
0397986,4008496745937,VARTA," Piles rechargeables HR6/AA 2600mAh 1,2V (x2)","12,50 €",5716101402,https://www.lamaison.fr/0397986.html
0397993,4008496330904,VARTA,Accu phone AA/HR6 1600 mAh (x2),"10,99 €",58399201402,https://www.lamaison.fr/0397993.html
0397985,4008496681563,VARTA,Pile alcaline longlife max POWER LR03/AAA (x8),"12,59 €",4703101418,https://www.lamaison.fr/0397985.html
0397991,4008496680436,VARTA,Blister de 4 piles ultra Lithium AAA,"15,90 €",6103301404,https://www.lamaison.fr/0397991.html
code_article,gencod,marque_produit,nom_produit,prix_produit,reference,url_produit
8065382,3217777243555,aluminium,Porte bidon aluminium,"3,40 €",724355,https://www.lamaison.fr/8065382.html
0294972,3217777220617,arrière,Kit d'éclairage silicone avant et arrière,"8,22 €",722061,https://www.lamaison.fr/0294972.html
8065174,3217777245603,Sport,Poignées Sport,"3,75 €",724560,https://www.lamaison.fr/8065174.html
0268420,3217777220167,homologué,Feu arrière homologué,"6,32 €",722016,https://www.lamaison.fr/0268420.html
8060427,3217777220525,homologué,Kit d'éclairage homologué,"14,02 €",722052,https://www.lamaison.fr/8060427.html
8063579,3217777213206,plastiques,Paire de pédales VTT plastiques,"6,40 €",72320,https://www.lamaison.fr/8063579.html
0268417,3217777247799,T.M,Couvre-selle gel T.M,"13,40 €",724779,https://www.lamaison.fr/0268417.html
0294973,3217777221249,Ø10mm,"Antivol spirale à chiffres Longueur 1,50m Ø10mm","7,70 €",722124,https://www.lamaison.fr/0294973.html
0329786,3217770121539,numérique,Montre numérique,"8,02 €",012153,https://www.lamaison.fr/0329786.html
0427079,3217777244026,fil,Compteur 21 fonctions sans fil,"19,90 €",724402,https://www.lamaison.fr/0427079.html
0427078,3217777244019,filaire,Compteur 9 fonctions filaire,"7,90 €",724401,https://www.lamaison.fr/0427078.html
0377322,null,THOMAS APICULTURE,Gants cuir L'APICULTEUR enfants 5-6 ans,"20,95 €",B10-5/6,https://www.lamaison.fr/0377322.html
0377323,null,THOMAS APICULTURE,Gants cuir L'APICULTEUR enfants 7-8 ans,"20,95 €",B10-7/8,https://www.lamaison.fr/0377323.html
0143173,3760178052283,THOMAS APICULTURE,Voile noir simple,"10,95 €",430,https://www.lamaison.fr/0143173.html
0377324,null,THOMAS APICULTURE,Gants cuir L'APICULTEUR enfants 9 -10 ans,"20,95 €",B10-9/10,https://www.lamaison.fr/0377324.html
0268354,3217777235147,valve,Chambre à air 700x25/28C petite valve,"2,95 €",723514,https://www.lamaison.fr/0268354.html
0268355,3217777235154,valve,Chambre à air 700x32/40C petite valve,"3,30 €",723515,https://www.lamaison.fr/0268355.html
0268356,3217777235161,valve,Chambre à air 700x32/40C grosse valve,"3,20 €",723516,https://www.lamaison.fr/0268356.html
0268357,3217777235178,valve,Chambre à air 700x18/23C petite valve,"2,95 €",723517,https://www.lamaison.fr/0268357.html
0268362,3217777235093,valve,Chambre à air 26 petite valve,"3,50 €",723509,https://www.lamaison.fr/0268362.html
0268363,3217777235109,valve,Chambre à air 26 grosse valve,"4,25 €",723510,https://www.lamaison.fr/0268363.html
0268360,3217777235062,valve,Chambre à air 20 grosse valve,"2,80 €",723506,https://www.lamaison.fr/0268360.html
0268359,3217777235130,valve,Chambre à air 650 petite valve,"3,45 €",723513,https://www.lamaison.fr/0268359.html
0268371,3217777235390,28C,Pneu 700 x 28C,"7,15 €",723539,https://www.lamaison.fr/0268371.html
0268370,3217777235369,35B,Pneu 650 x 35B,"9,55 €",723536,https://www.lamaison.fr/0268370.html
0268361,3217777235086,valve,Chambre à air 24 grosse valve,"3,25 €",723508,https://www.lamaison.fr/0268361.html
0268369,3217777235352,1.95,Pneu 26 x 1.95,"11,10 €",723535,https://www.lamaison.fr/0268369.html
0268372,3217777235406,35C,Pneu 700 x 35C,"9,30 €",723540,https://www.lamaison.fr/0268372.html
0271659,3217777235024,valve,Chambre à air 14 grosse valve,"2,40 €",723502,https://www.lamaison.fr/0271659.html
0271662,3217777235314,"1,75","Pneu 16 x 1,75","6,25 €",723531,https://www.lamaison.fr/0271662.html
0331542,3217777235338,"1,95","Pneu 24 x 1,95","10,50 €",723533,https://www.lamaison.fr/0331542.html
0271663,3217777235321,"1,75","Pneu 20 x 1,75","7,85 €",723532,https://www.lamaison.fr/0271663.html
0271661,3217777235048,valve,Chambre à air 16 grosse valve,"2,45 €",723504,https://www.lamaison.fr/0271661.html
0271660,3217777235031,valve,Chambre à air 16 petite valve,"2,60 €",723503,https://www.lamaison.fr/0271660.html
0362734,3217777235239,valve,Chambre à air 29 grosse valve,"3,85 €",723523,https://www.lamaison.fr/0362734.html
8063498,3217777212773,Frein,Frein,"3,35 €",721277,https://www.lamaison.fr/8063498.html
8065325,3217777239534,pied,Pompe sur pied,"7,00 €",723953,https://www.lamaison.fr/8065325.html
0353412,3217777230074,réparation,Kit de réparation,"1,70 €",723007,https://www.lamaison.fr/0353412.html
0353413,3217777230043,5ml,Tube de dissolution 5ml,"1,25 €",723004,https://www.lamaison.fr/0353413.html
0350344,3217777230081,pneus,Kit de réparation + démonte pneus,"3,95 €",723008,https://www.lamaison.fr/0350344.html
0368240,3217777211127,renforcée,Chaîne 5-8 vitesses renforcée,"10,25 €",721112,https://www.lamaison.fr/0368240.html
0364066,3217777210618,75ml,Lubrifiant chaîne 75ml,"3,95 €",721061,https://www.lamaison.fr/0364066.html
0356578,3217777230029,réparation,Pièces de réparation,"1,30 €",723002,https://www.lamaison.fr/0356578.html
0365722,3217777230111,75ml,Répare crevaison 75ml,"3,70 €",723011,https://www.lamaison.fr/0365722.html
0196272,4001116029691,ALFER,Porte-outil acier zingué 175 mm ALFER,"5,39 €",02969,https://www.lamaison.fr/0196272.html
0196271,4001116029684,ALFER,Porte-outil acier zingué 90 mm ALFER,"4,29 €",02968,https://www.lamaison.fr/0196271.html
0268364,3217777239855,valve,Raccord de pompe grosse valve,"1,50 €",723985,https://www.lamaison.fr/0268364.html
0196273,4001116029707,ALFER,Porte-outil acier zingué 250 mm ALFER,"6,99 €",02970,https://www.lamaison.fr/0196273.html
0196274,4001116029714,ALFER,Porte-outil acier zingué 325 mm ALFER,"7,69 €",02971,https://www.lamaison.fr/0196274.html
0268352,3217777211493,vitesses,Attache rapide chaîne 5-8 vitesses,"1,75 €",721149,https://www.lamaison.fr/0268352.html
0267970,3217770738546,Roue,Mini compresseur à air Type Roue,"18,33 €",73854,https://www.lamaison.fr/0267970.html
0267969,3217770737686,pied,Pompe à pied,"18,80 €",73768,https://www.lamaison.fr/0267969.html
0268406,3217777212766,tige,2 Patins de frein V-Brake à tige,"2,65 €",721276,https://www.lamaison.fr/0268406.html
0268404,3217777239459,250mm,Mini pompe longueur 250mm,"8,35 €",723945,https://www.lamaison.fr/0268404.html
0268365,3217777239909,PERF,Kit de gonflage multi-usages PERF,"3,50 €",723990,https://www.lamaison.fr/0268365.html
0268368,3217777210403,m,"Câble de frein VTT avant ou arrière longueur 1,80 m","1,40 €",721040,https://www.lamaison.fr/0268368.html
0268407,3217777239305,300mm,Pompe plastique gros diamètre longueur 300mm,"7,25 €",723930,https://www.lamaison.fr/0268407.html
0268409,3217777210434,sécurité,Câble de dérailleur universel + embouts de sécurité,"1,55 €",721043,https://www.lamaison.fr/0268409.html
0268413,3217777239152,380mm,Pompe plastique longueur 380mm,"3,75 €",723915,https://www.lamaison.fr/0268413.html
0268414,3217777210205,arrière,Câble de frein route avant ou arrière,"1,40 €",721020,https://www.lamaison.fr/0268414.html
0268418,3217777211455,chaîne,Dérive chaîne,"5,90 €",721145,https://www.lamaison.fr/0268418.html
0278968,3217777239787,valve,Raccord de pompe petite valve,"1,45 €",723978,https://www.lamaison.fr/0278968.html
0329803,3217777245740,tréssée,Guidoline tréssée,"5,35 €",724574,https://www.lamaison.fr/0329803.html
8054575,3217777210601,vaseline,Burette huile de vaseline,"3,15 €",721060,https://www.lamaison.fr/8054575.html
8057849,3217777210427,(x10),Embouts de câble (x10),"1,55 €",721042,https://www.lamaison.fr/8057849.html
8052219,3217777239756,valve,Adaptateurs grosse/petite valve,"1,55 €",723975,https://www.lamaison.fr/8052219.html
8059378,3217777210953,frein,Gaine de frein,"3,10 €",721095,https://www.lamaison.fr/8059378.html
0403153,3234640030241,MOTTEZ,Crochet vélo gainé fixation par la roue ,"6,90 €",B012G,https://www.lamaison.fr/0403153.html
0403152,3234640030234,MOTTEZ,Crochet vélo fixation par la roue ,"3,90 €",B012V,https://www.lamaison.fr/0403152.html
0403148,3234640034683,MOTTEZ,Range 5 vélos mural ,"84,90 €",B130P,https://www.lamaison.fr/0403148.html
0403150,3234640034317,MOTTEZ,Range 1 vélo mural pivotant à 180°,"24,90 €",B049Q,https://www.lamaison.fr/0403150.html
0403155,3234640036496,MOTTEZ,Crochet 1 vélo mural gainé,"10,90 €",B046Q,https://www.lamaison.fr/0403155.html
0403169,3234640021881,MOTTEZ,Râtelier universel 2 éléments MOTTEZ,"24,90 €",B013F2,https://www.lamaison.fr/0403169.html
0403151,3234640032559,MOTTEZ,Support 2 vélos mural rabattable,"32,90 €",B053QRA,https://www.lamaison.fr/0403151.html
0403156,3234640032214,MOTTEZ,Support 2 vélos mural,"24,90 €",B053F,https://www.lamaison.fr/0403156.html
0403149,3234640032030,MOTTEZ,Râtelier 5 vélos face à face au sol,"78,90 €",B131V,https://www.lamaison.fr/0403149.html
0362735,3217777235253,valve,"Chambre à air 27,5 grosse valve","3,80 €",723525,https://www.lamaison.fr/0362735.html
0403157,3234640053264,MOTTEZ,Crochet vélo mural fixation par la pédale,"6,50 €",B215V,https://www.lamaison.fr/0403157.html
0443615,5715492184088,NILFISK,"Détergent vélos et motos 2,5 L NILFISK","14,65 €",125300392,https://www.lamaison.fr/0443615.html
0495773,3217777235055,valve,"Chambre à air 20"" petite valve","3,20 €",723505,https://www.lamaison.fr/0495773.html
0268353,3217777221201,6mm,"Antivol spirale à clé Longueur 1,50m - Ø 6mm","5,15 €",722120,https://www.lamaison.fr/0268353.html
0268405,3217777223502,"0,9m","Chaîne antivol + cadenas Longueur 0,9m","6,00 €",722350,https://www.lamaison.fr/0268405.html
0438289,3700192305798,NUM'AXES,Monoculaire de vision de nuit infrarouge VIS1012 NUM'AXES,"329,90 €",NGJUMNOC001,https://www.lamaison.fr/0438289.html
0367683,3760178050180,THOMAS APICULTURE,Combinaison enfant avec cagoule 7 -10 ans,"90,95 €",B11-7/10,https://www.lamaison.fr/0367683.html
0377286,null,THOMAS APICULTURE,Combinaison avec cagoule kaki Taille 3XL,"112,95 €",B4XXXL-2,https://www.lamaison.fr/0377286.html
6841601,3504875560135,FLASHMER,Couteau à Palourde - 27 cm - Acier Galva,"6,90 €",PAPCPA27,https://www.lamaison.fr/6841601.html
6841490,3504875560265,FLASHMER,Râteau 7 dents rondes 120 cm inox,"28,95 €",PAPRRI7,https://www.lamaison.fr/6841490.html
6841489,3504875560258,FLASHMER,Râteau 7 dents rondes 120 cm acier noir,"22,90 €",PAPRRA7,https://www.lamaison.fr/6841489.html
0520333,5404035700792,BARBECOOK,Barbecue au bois en acier corten Nestor Original 92x92x101cm,"799,00 €",BC-WOO-6023,https://www.lamaison.fr/0520333.html
0507719,5050642079242,cm,Grille de cuisson réglable pour Brasero argent Ø60 cm,"119,00 €",3580000,https://www.lamaison.fr/0507719.html
0520335,5404035700884,BARBECOOK,Grille en acier inoxydable 304 75cm,"79,00 €",BC-ACC-7224,https://www.lamaison.fr/0520335.html
0143174,3760178050708,THOMAS APICULTURE,Voile semi-rigide noir,"12,20 €",432,https://www.lamaison.fr/0143174.html
0377843,3760178053174,THOMAS APICULTURE,Voile avec chapeau,"19,95 €",377,https://www.lamaison.fr/0377843.html
0151610,3760178051675,THOMAS APICULTURE,Voile Gauthier avec coiffure,"27,95 €",434,https://www.lamaison.fr/0151610.html
0377845,3760178053181,THOMAS APICULTURE,Voile rond avec coiffure et 2 armatures,"21,50 €",438,https://www.lamaison.fr/0377845.html
6838959,3504875560029,FLASHMER,Crochet à crabe 80 cm acier galva,"7,90 €",PAPCCA80,https://www.lamaison.fr/6838959.html
6838966,3504875560159,FLASHMER,Griffe 3 dents 80 cm acier galva,"14,90 €",PAPG3DA80,https://www.lamaison.fr/6838966.html
6838961,3504875560081,FLASHMER,Crochet à crabe 120 cm inox,"10,95 €",PAPCCI120,https://www.lamaison.fr/6838961.html
6838965,3504875560173,FLASHMER,Griffe 3 dents 30 cm acier galva,"7,50 €",PAPG3DA30,https://www.lamaison.fr/6838965.html
6838963,3504875560067,FLASHMER,Crochet à crabe 80 cm inox,"9,95 €",PAPCCI80,https://www.lamaison.fr/6838963.html
6838960,3504875560074,FLASHMER,Crochet à crabe 100 cm inox,"12,50 €",PAPCCI100,https://www.lamaison.fr/6838960.html
6838962,3504875560050,FLASHMER,Crochet à crabe 60 cm inox,"8,95 €",PAPCCI60,https://www.lamaison.fr/6838962.html
6838964,3504875560142,FLASHMER,Couteau à palourde 27 cm inox,"10,50 €",PAPCPI27,https://www.lamaison.fr/6838964.html
0437431,5400269204587,BARBECOOK,Barbecue nomade Karl BARBECOOK,"109,90 €",BC-CHA-1014,https://www.lamaison.fr/0437431.html
0239445,077924002335|0077924002335,WEBER,Barbecue à charbon Compact Kettle Ø57cm WEBER,"159,90 €",1321004,https://www.lamaison.fr/0239445.html
0437924,0077924180408|077924180408,WEBER,Kit de nettoyage barbecue charbon WEBER,"49,99 €",18285,https://www.lamaison.fr/0437924.html
0492120,3189640958005,EXPRESS,Réchaud à Gaz Galaxy 300 W,"28,99 €",G5800,https://www.lamaison.fr/0492120.html
0414779,0077924159527|077924159527,WEBER,Brosse inox triangulaire 30 cm WEBER,"14,99 €",6277,https://www.lamaison.fr/0414779.html
0437905,0077924162534|077924162534,WEBER,Barbecue à gaz Spirit EPX-325S WEBER,"1 099,00 €",46713553,https://www.lamaison.fr/0437905.html
0437908,0077924174865|077924174865,WEBER,Barbecue gaz Genesis E-325S WEBER,"1 499,30 €",35310053,https://www.lamaison.fr/0437908.html
0437909,0077924175725|077924175725,WEBER,Barbecue gaz Genesis E-425S WEBER,"1 799,30 €",36310053,https://www.lamaison.fr/0437909.html
0437925,0077924159503|077924159503,WEBER,Brosse de nettoyage en bambou 30 cm WEBER,"11,99 €",6275,https://www.lamaison.fr/0437925.html
0502645,0077924197161|077924197161,WEBER,Barbecue à gaz Traveler Stealth WEBER,"569,00 €",9013053,https://www.lamaison.fr/0502645.html
0502642,0077924190766|077924190766,WEBER,Barbecue électrique Lumin Compact black WEBER,"429,00 €",91010953,https://www.lamaison.fr/0502642.html
0502643,0077924190780|077924190780,WEBER,Barbecue électrique Lumin black WEBER,"649,00 €",92010953,https://www.lamaison.fr/0502643.html
0194891,3292193151332,Athènes,Barbecue à charbon de bois Athènes,"94,90 €",3151330D,https://www.lamaison.fr/0194891.html
0502644,0077924190797|077924190797,WEBER,Barbecue électrique Lumin black Stand WEBER,"749,00 €",92010853,https://www.lamaison.fr/0502644.html
0503864,0077924085451|077924085451,WEBER,Barbecue à charbon Master Touch GBS Premium E-5775,"419,00 €",:,https://www.lamaison.fr/0503864.html
0418132,3563880101931,KRAMPOUZ,Barbecue électrique Mythic KRAMPOUZ,"259,00 €",MYTHIC,https://www.lamaison.fr/0418132.html
8112660,3563880069064,KRAMPOUZ,Set d'accessoires pour Plancha KRAMPOUZ,"59,90 €",ASP1,https://www.lamaison.fr/8112660.html
0503865,0077924188879|077924188879,WEBER,Pierre à pizza Ø36 cm Crafted WEBER,"73,99 €",8861,https://www.lamaison.fr/0503865.html
0503863,0077924148644|077924148644,WEBER,Barbecue à charbon Master Touch GBS C-5750 Deep Ocean Blue,"349,00 €",14716004,https://www.lamaison.fr/0503863.html
0344734,0077924051326|077924051326,WEBER,Nettoyant pour inox,"11,99 €",17682,https://www.lamaison.fr/0344734.html
0264041,0077924029271|077924029271,WEBER,Barbecue à charbon Go-Anywhere WEBER,"119,90 €",1131004,https://www.lamaison.fr/0264041.html
0320033,0077924025815|077924025815,WEBER,Barbecue électrique Q 1400 WEBER,"349,00 €",52020053,https://www.lamaison.fr/0320033.html
0194877,0077924041068|5420030210135|077924041068,WEBER,Kit d'allumage Rapidfire WEBER,"36,50 €",17631,https://www.lamaison.fr/0194877.html
0216535,0077924003134|077924003134,WEBER,Barbecue à charbon Smokey Joe Premium Ø37 cm WEBER,"104,99 €",1121004,https://www.lamaison.fr/0216535.html
0370858,077924086908|0077924086908,WEBER,Barbecue à gaz Spirit II E310 WEBER,"699,00 €",45010353,https://www.lamaison.fr/0370858.html
0344681,0077924029776|077924029776,WEBER,Barbecue à gaz Q 1200 WEBER,"329,00 €",51010053,https://www.lamaison.fr/0344681.html
0344696,0077924129575|0077924033155|077924033155,WEBER,Barbecue à charbon Performer Premium GBS Ø57 cm,"629,00 €",15401053,https://www.lamaison.fr/0344696.html
9989152,3292193753376,SOMAGIC,Barbecue à charbon de bois Florence SOMAGIC,"132,90 €",3753370AF,https://www.lamaison.fr/9989152.html
0370869,0077924129520|077924129520|0077924085420,WEBER,Barbecue Master-Touch GBS E-5750 charbon WEBER,"299,90 €",14701053,https://www.lamaison.fr/0370869.html
0425801,3224780039822,ENO,Coffret de nettoyage ,"29,90 €",KN5301,https://www.lamaison.fr/0425801.html
0370871,0077924129544|077924129544|0077924085468,WEBER,Barbecue Master-Touch GBS C-5750 Charcoal Grill Smoke Grey,"349,00 €",14710004,https://www.lamaison.fr/0370871.html
0370868,0077924129506|077924129506|0077924085406,WEBER,Barbecue original Kettle E-5710 Charcoal grill WEBER,"249,90 €",14101004,https://www.lamaison.fr/0370868.html
0370872,0077924129551|077924129551|0077924085444,WEBER,Barbecue Master-Touch GBS Premium E-5770 charbon Ø57 cm,"399,00 €",17301004,https://www.lamaison.fr/0370872.html
0264052,0077924033117|0077924129599|0077924019838|077924033117,WEBER,Barbecue Performer GBS charbon Ø57 cm WEBER,"499,16 €",15301053,https://www.lamaison.fr/0264052.html
0370870,0077924129537|077924129537|0077924085475,WEBER,Barbecue Master-Touch GBS C-5750 charbon Slate Blue Ø57cm ,"349,00 €",14713004,https://www.lamaison.fr/0370870.html
0389609,0077924122866|077924122866,WEBER,Éponge métallique pour plancha,"11,49 €",6209,https://www.lamaison.fr/0389609.html
0388998,0077924119859|077924119859,WEBER,Nettoyant pour barbecues Q et Pulse - 300 ml,"11,99 €",17874,https://www.lamaison.fr/0388998.html
0437899,5420059856185,BARBECOOK,Brasero Jack en acier corten Ø75xH.30 cm BARBECOOK,"219,90 €",BC-WOO-6019,https://www.lamaison.fr/0437899.html
0389591,0077924146671|0077924146688|077924146688,WEBER,Smokefire EX4 GBS Barbecues à pellets,"1 699,30 €",22511004,https://www.lamaison.fr/0389591.html
0389618,0077924102158,WEBER,Kit de nettoyage pour barbecue charbon émaillé,"39,90 €",17894,https://www.lamaison.fr/0389618.html
0503867,0077924007637|077924007637,WEBER,Grille de cuisson chromée pour barbecue Ø47 cm WEBER,"29,99 €",8413,https://www.lamaison.fr/0503867.html
0503866,0077924031847|077924031847,WEBER,Grattoir de cuve WEBER,"11,99 €",6201,https://www.lamaison.fr/0503866.html
0278281,0077924031854|077924031854,WEBER,Kit de maintenance pour barbecue à gaz,"14,49 €",6202,https://www.lamaison.fr/0278281.html
0505458,8413246214346,NORTENE,Housse protection barbecue grand modèle Taupe 170x70xh115cm,"34,90 €",2017697,https://www.lamaison.fr/0505458.html
0128858,0074976033331|3326880001959|5400269210281,BARBECOOK,Brosse 3en1 - entretien barbecue,"4,50 €",223.0202.000,https://www.lamaison.fr/0128858.html
0239438,5400269231583,BARBECOOK,Brosse colimaçon avec un long manche,"8,99 €",223.0202.300,https://www.lamaison.fr/0239438.html
0275718,5400269240622,BARBECOOK,Brosse barbecue avec raclette et manche en bois,"7,99 €",2230211055,https://www.lamaison.fr/0275718.html
0349473,8437010174155,Net,Produit nettoyant Plancha Net,"16,99 €",PLANCHA,https://www.lamaison.fr/0349473.html
0239435,5400269227487|5400269235635,BARBECOOK,Barbecue à gaz Kaduva BARBECOOK,"429,90 €",223.9989.032,https://www.lamaison.fr/0239435.html
0374674,3365000005453,STARWAX,Dégraissant plancha/barbecue pulvérisateur 500ml,"11,50 €",545,https://www.lamaison.fr/0374674.html
0316596,3292193762477,Valparaiso,Barbecue à charbon de bois Valparaiso,"124,90 €",376247001,https://www.lamaison.fr/0316596.html
0228324,3292193757381|3292193257386,Grill,Barbecue à charbon de bois Exel Duo Grill,"254,94 €",3757380AF,https://www.lamaison.fr/0228324.html
0316597,3292193775460,Galicia,Barbecue à charbon de bois Galicia,"154,90 €",377546001,https://www.lamaison.fr/0316597.html
0194885,3292193554386|3292193655380,Bergamo,Barbecue à charbon de bois Bergamo,"189,98 €",365538,https://www.lamaison.fr/0194885.html
0344732,0077924119866|0077924051333|077924051333|077924119866,WEBER,Nettoyant pour barbecue Q et grilles de cuisson,"11,99 €",17875,https://www.lamaison.fr/0344732.html
0344733,0077924051340|077924051340,WEBER,Nettoyant pour acier émaillé,"11,99 €",17684,https://www.lamaison.fr/0344733.html
6838958,3504875560043,FLASHMER,Crochet à crabe 120 cm acier galva,"9,95 €",PAPCCA120,https://www.lamaison.fr/6838958.html
0505679,3700164723612,brique,Barbecue fixe Bastide en pierre reconstituée ton brique,"439,00 €",212361,https://www.lamaison.fr/0505679.html
6838957,3504875560036,FLASHMER,Crochet à crabe 100 cm acier galva,"8,95 €",PAPCCA100,https://www.lamaison.fr/6838957.html
6838969,3504875560197,FLASHMER,Griffe 3 dents + piolet 30 cm acier galva,"11,95 €",PAPG3PA30,https://www.lamaison.fr/6838969.html
6838967,3504875560180,FLASHMER,Griffe 3 dents 30 cm inox,"10,95 €",PAPG3DI30,https://www.lamaison.fr/6838967.html
6838968,3504875560166,FLASHMER,Griffe 3 dents 80 cm inox,"19,90 €",PAPG3DI80,https://www.lamaison.fr/6838968.html
6838970,3504875560203,FLASHMER,Griffe 3 dents + piolet 30 cm inox,"18,95 €",PAPG3PI30,https://www.lamaison.fr/6838970.html
6838971,3504875560210,FLASHMER,Griffe 4 dents 30 cm acier galva,"8,95 €",PAPG4DA30,https://www.lamaison.fr/6838971.html
6838972,3504875560227,FLASHMER,Griffe 4 dents 30 cm inox,"13,95 €",PAPG4DI30,https://www.lamaison.fr/6838972.html
6838973,3504875560104,FLASHMER,Piochon à huitre 27 cm inox,"11,95 €",PAPPHI27,https://www.lamaison.fr/6838973.html
6838974,3504875560111,FLASHMER,Pique à praire 120 cm acier galva,"22,95 €",PAPPRA120,https://www.lamaison.fr/6838974.html
0435073,3700192309253,NUM'AXES,Jumelles 10 x 25 - modèle JUM1039 NUM'AXES,"99,00 €",NGJUMDIU009,https://www.lamaison.fr/0435073.html
0438281,3700192307082,NUM'AXES,Talkie-Walkie TLK1022 NUM'AXES,"56,90 €",NGTLK001,https://www.lamaison.fr/0438281.html
0233380,3414449999639,Kaki,Bretelles Chasse Kaki,"19,95 €",5501,https://www.lamaison.fr/0233380.html
0438270,3700192307051,NUM'AXES,Casque antibruit électronique CAS1021 NUM'AXES,"83,90 €",NGCASELE001,https://www.lamaison.fr/0438270.html
0435074,3700192309260,NUM'AXES,Jumelles 10x32 JUM1040 Noires NUM'AXES,"125,07 €",NGJUMDIU010,https://www.lamaison.fr/0435074.html
6838975,3504875560128,FLASHMER,Pique à praire 120 cm inox,"24,90 €",PAPPRI120,https://www.lamaison.fr/6838975.html
0438287,3700192309277,NUM'AXES,Jumelles 8x56 JUM1041 Noires NUM'AXES,"300,07 €",NGJUMDIU011,https://www.lamaison.fr/0438287.html
0367628,3760178052290,THOMAS APICULTURE,Voile type américain,"20,90 €",448,https://www.lamaison.fr/0367628.html
0377846,3760178053167,THOMAS APICULTURE,Masque type américain,"20,95 €",449,https://www.lamaison.fr/0377846.html
9980497,3760178050692,THOMAS APICULTURE,Casque type américain,"16,95 €",459,https://www.lamaison.fr/9980497.html
0367681,3760178050197,THOMAS APICULTURE,Combinaison enfant avec cagoule 11-13 ans,"90,95 €",B11-11/13,https://www.lamaison.fr/0367681.html
0367684,3760178050203,THOMAS APICULTURE,Combinaison enfant avec cagoule 14-16 ans,"90,95 €",B11-S,https://www.lamaison.fr/0367684.html
0367691,3760178055949,THOMAS APICULTURE,Voile rond avec 2 armatures,"23,95 €",B22,https://www.lamaison.fr/0367691.html
0367682,3760178050173,THOMAS APICULTURE,Combinaison enfant avec cagoule 4-6 ans,"90,95 €",B11-4/6,https://www.lamaison.fr/0367682.html
0438288,3700192310020,NUM'AXES,Jumelles de vision de nuit infrarouge VIS1056 NUM'AXES,"519,90 €",NGJUMNOC002,https://www.lamaison.fr/0438288.html
0438290,3700192309642,NUM'AXES,Monoculaire de vision thermique VIS1053 NUM'AXES,"699,90 €",NGMONTHE003,https://www.lamaison.fr/0438290.html
0438295,3700192306405,NUM'AXES,Lampe torche à LED multicolores rechargeable LMP1019,"88,90 €",NGLMPTOR019,https://www.lamaison.fr/0438295.html
0438296,3700192309499,NUM'AXES,Télémètre laser TEL1050 NUM'AXES,"189,90 €",NGTELLAS005,https://www.lamaison.fr/0438296.html
0438293,3700192306382,NUM'AXES,Lampe torche à LED LMP1017 NUM'AXES,"33,90 €",NGLMPTOR017,https://www.lamaison.fr/0438293.html
0438294,3700192306399,NUM'AXES,Lampe torche à LED rechargeable LMP1018 NUM'AXES,"66,90 €",NGLMPTOR018,https://www.lamaison.fr/0438294.html
0438348,3700192310167,NUM'AXES,Casque antibruit électronique Bluetooth CAS1036 NUM'AXES,"129,90 €",NGCASELE006,https://www.lamaison.fr/0438348.html
0438292,3700192310013,NUM'AXES,Monoculaire de vision thermique VIS1057 NUM'AXES,"1 790,00 €",NGMONTHE004,https://www.lamaison.fr/0438292.html
0504101,8011869197161,MIDLAND,2 Talkie-Walkie à pile XT10 16 caux rouge MIDLAND,"76,90 €",CY3903,https://www.lamaison.fr/0504101.html
0148279,3660529001369,PERCUSSION,Cuissard renfort Ripstop vert kaki T.1,"19,90 €",1026,https://www.lamaison.fr/0148279.html
6841603,3504875560449,FLASHMER,Poche à Crevettes avec ceinture,"9,90 €",PAPPCC,https://www.lamaison.fr/6841603.html
6843178,3504875560470,FLASHMER,Crochet à crabe simple - 100 cm - Acier Vert,"6,90 €",PAPCCSA100,https://www.lamaison.fr/6843178.html
6843176,3504875560456,FLASHMER,Crochet à crabe simple - 60 cm - Acier Vert,"5,60 €",PAPCCSA60,https://www.lamaison.fr/6843176.html
6843179,3504875560487,FLASHMER,Crochet à Crabe simple - 120 cm - Acier Vert,"7,90 €",PAPCCSA120,https://www.lamaison.fr/6843179.html
6841604,3504875560425,FLASHMER,Pelle à Praire 17 cm - Manche 120 cm - Acier Noir,"20,95 €",PAPPPA18,https://www.lamaison.fr/6841604.html
6841610,3504875560319,FLASHMER,Râteau 5 Dents Rondes - 120 cm - Acier Noir,"17,90 €",PAPRRA5,https://www.lamaison.fr/6841610.html
6841602,3504875560241,FLASHMER,Détroquoir à huître - 25 cm - Inox,"14,90 €",PAPDHI25,https://www.lamaison.fr/6841602.html
6841598,3504875560326,FLASHMER,Râteau 5 Dents Rondes - 120 cm - Inox,"26,90 €",PAPRI5,https://www.lamaison.fr/6841598.html
6841609,3504875560364,FLASHMER,Râteau 9 Dents Plates - 120 cm - Inox,"32,50 €",PAPRPI9,https://www.lamaison.fr/6841609.html
6841605,3504875560418,FLASHMER,Pelle à Praire 17 cm - Manche 120 cm - Inox,"28,50 €",PAPPPI18,https://www.lamaison.fr/6841605.html
6844379,3504872130065,FLASHMER,Sac à Amorce - 40 x 60 cm - Maille 4 x 4 mm,"9,90 €",ATSA4,https://www.lamaison.fr/6844379.html
6844316,3504872130072,FLASHMER,Sac à Amorce - 40 x 60 cm - Maille 8 x 8 mm,"9,20 €",ATSA8,https://www.lamaison.fr/6844316.html
6843177,3504875560463,FLASHMER,Crochet à crabe simple - 80 cm - Acier Vert,"6,20 €",PAPCCSA80,https://www.lamaison.fr/6843177.html
6841607,3504875560357,FLASHMER,Râteau 9 Dents Plates - 120 cm - Acier Noir,"24,90 €",PAPRPA9,https://www.lamaison.fr/6841607.html
6841606,3504875560333,FLASHMER,Râteau 7 Dents Plates - 120 cm - Acier Noir,"27,90 €",PAPRPA7,https://www.lamaison.fr/6841606.html
6841599,3504874791110,FLASHMER,Présentoir 15 x Pieds à coulisse Coquillages et Crustacés,"5,95 €",OTADPC18,https://www.lamaison.fr/6841599.html
6841608,3504875560340,FLASHMER,Râteau 7 Dents Plates - 120 cm - Inox,"33,95 €",PAPRPI7,https://www.lamaison.fr/6841608.html
0520341,5400269207540,BARBECOOK,Poudre de fumage hêtre classique 230g,"5,95 €",BC-SMO-5007,https://www.lamaison.fr/0520341.html
0528682,0077924998928|077924998928,WEBER,Barbecue Weber Traveler Compact gaz WEBER,"428,70 €",1500557,https://www.lamaison.fr/0528682.html
0520334,5404035701485,BARBECOOK,Support Dynamic Centre et grille surélevée pour Nestor,"109,90 €",BC-ACC-7453,https://www.lamaison.fr/0520334.html
0520337,5404035700679,BARBECOOK,Pare-étincelles en métal noir 75 cm,"89,90 €",BC-ACC-7447,https://www.lamaison.fr/0520337.html
0528685,0077924996504|077924996504,WEBER,Barbecue Genesis E-315 gaz WEBER,"1 299,00 €",1500385,https://www.lamaison.fr/0528685.html
0528169,5404035708095,BARBECOOK,Brasero Jack en acier corten Ø100xH.30 cm BARBECOOK,"239,90 €",BC-WOO-6028,https://www.lamaison.fr/0528169.html
0528683,0077924994364|077924994364,WEBER,Barbecue Spirit Classic E-220S black WEBER,"599,00 €",1500297,https://www.lamaison.fr/0528683.html
0539099,8714982218248,L,Brasero avec grille de cuisson L,"109,00 €",FF537,https://www.lamaison.fr/0539099.html
0528684,0077924991776|077924991776,WEBER,Barbecue Spirit Classic E-330 black WEBER,"899,00 €",1500134,https://www.lamaison.fr/0528684.html
0530318,0629162144041,NAPOLEON,Barbecue à gaz Rogue RB 425RSB,"999,00 €",RB425RSBPK-1-FR-A,https://www.lamaison.fr/0530318.html
0490556,0077924147517|077924147517,WEBER,Barbecue gaz Spirit SP-335 Premium GBS WEBER,"1 099,00 €",46802353,https://www.lamaison.fr/0490556.html
0530317,0629162142306,NAPOLEON,Barbecue à gaz Freestyle F365,"549,00 €",F365PGT-FR,https://www.lamaison.fr/0530317.html
0528170,5404035708088,BARBECOOK,Table d'appoint en bois pour brasero Nestor,"149,00 €",BC-ACC-7466,https://www.lamaison.fr/0528170.html
0543205,5420059857267,BARBECOOK,"Barbecue charbon Kamal Kamodo noir Ø59,5 cm","999,00 €",BC-CHA-1061,https://www.lamaison.fr/0543205.html
0414766,0077924159350|077924159350,WEBER,Barbecue gaz Traveler noir WEBER,"499,00 €",9010053,https://www.lamaison.fr/0414766.html
0405300,0077924025860|077924025860,WEBER,Barbecue électrique avec stand Q1400 WEBER,"449,00 €",52020853,https://www.lamaison.fr/0405300.html
0414768,0077924160738|077924160738,WEBER,Barbecue gaz mix plancha Spirit E-315 WEBER,"799,00 €",46512853,https://www.lamaison.fr/0414768.html
0519633,0077924193583|077924193583,WEBER,Grattoir pour plancha WEBER,"24,99 €",6781,https://www.lamaison.fr/0519633.html
0520336,5404035700907,BARBECOOK,Plancha en acier carbone pour braseros Jack 75 et Modern 75,"89,00 €",BC-PLA-3011,https://www.lamaison.fr/0520336.html
0528689,0077924993459|077924993459,WEBER,Plancha Premium Slate GP 56 cm WEBER,"599,00 €",1500208,https://www.lamaison.fr/0528689.html
0543206,5420059859667,BARBECOOK,Housse de luxe pour barbecue Kamal,"64,95 €",BC-ACC-7445,https://www.lamaison.fr/0543206.html
0438353,3224780040286,ENO,Housse plancha 60/65/2400,"39,95 €",HPI65,https://www.lamaison.fr/0438353.html
0431583,3420900499709,ECOGENE,Tuyau aspirateur 9 m Ø38 mm ECOGENE,"48,50 €",041442,https://www.lamaison.fr/0431583.html
0431580,3288380495006,ECOGENE,Balai liner de fond double coque ECOGENE,"20,95 €",005736,https://www.lamaison.fr/0431580.html
0249570,0077924039270|0077924012518|077924039270,WEBER,Cubes allume-feu brun,"4,79 €",17612-,https://www.lamaison.fr/0249570.html
0278280,0077924015168|0077924039508|077924039508,WEBER,Bois de fumage hêtre 0.7kg,"7,99 €",17622,https://www.lamaison.fr/0278280.html
0357460,0077924128769|077924048913|077924128769|0077924048913,WEBER,Cubes allume-feu blanc,"4,49 €",17945,https://www.lamaison.fr/0357460.html
0538077,3660529061479,PERCUSSION,Cartouchière vert kaki TU,"14,90 €",2712,https://www.lamaison.fr/0538077.html
0538075,3660529077968,PERCUSSION,Fourreau à fusil ghost camo blaze 130 cm,"31,95 €",2768,https://www.lamaison.fr/0538075.html
0201792,3700082827119|3660529061462,PERCUSSION,Fourreau à fusil vert kaki 130 cm,"24,95 €",2711,https://www.lamaison.fr/0201792.html
6844371,3504875700258,g),Jet Bull - Plombe - N° 2 (5 g),"1,60 €",BUJBP2,https://www.lamaison.fr/6844371.html
6842112,3504875560401,FLASHMER,Râteau 5 Dents Plates - 120 cm - Inox,"31,90 €",PAPRPI5,https://www.lamaison.fr/6842112.html
0438351,3224780041825,ENO,Plancha à gaz en fonte émaillée 65x47 cm,"419,00 €",556532010701,https://www.lamaison.fr/0438351.html
0528690,0077924993473|077924993473,WEBER,Plancha Premium Slate GPD 76 cm sur chariot WEBER,"999,00 €",1500260,https://www.lamaison.fr/0528690.html
0370867,0077924129490|077924129490|0077924085390,WEBER,Barbecue à charbon Original Kettle E 4710 WEBER,"199,90 €",13101004,https://www.lamaison.fr/0370867.html
0551413,629162147011,NAPOLEON,Barbecue circulaire charbon de bois PRO22 Ø55cm,"369,90 €",PRO22K-LEG-3,https://www.lamaison.fr/0551413.html
0530322,3224780043713,ENO,Plancha électrique Initial 50 Inox,"428,70 €","5,55132E+11",https://www.lamaison.fr/0530322.html
0528688,0077924993442|077924993442,WEBER,Plancha gaz 43 cm WEBER,"399,00 €",1500207,https://www.lamaison.fr/0528688.html
0530321,629162564269,NAPOLEON,Plancha réversible en fonte émaillée Freestyle 365,"69,90 €",56426,https://www.lamaison.fr/0530321.html
0506102,3224780041818,ENO,Plancha gaz Initial 50 inox,"349,00 €",555032010701,https://www.lamaison.fr/0506102.html
0191389,3179110000440|317911000440|3179110004400,FEUDOR,Allume-feu 2 en 1 100% naturel (x20),"4,70 €",33,https://www.lamaison.fr/0191389.html
0498137,6942138948578,BESTWAY,Épuisette de fond Ø30 mm BESTWAY,"7,90 €",58278,https://www.lamaison.fr/0498137.html
0211110,3277360000255|3540709010322,FEUDOR,Cubes allume-feu bois & cire 100% naturel (x32),"4,10 €",33,https://www.lamaison.fr/0211110.html
0343732,8710732233523,CRICKET,Briquet multi-allumeur Fireturbo,"5,59 €",33,https://www.lamaison.fr/0343732.html
0364655,3277360500007,FEUDOR,Cubes allume-feu kérosène (x64),"5,50 €",33969001,https://www.lamaison.fr/0364655.html
0207750,4007467822059|3277360000279,FEUDOR,Cubes allume-feu kérosène (x32),"3,50 €",33965001,https://www.lamaison.fr/0207750.html
0498141,6941607330456,BESTWAY,Thermomètre de piscine BESTWAY - Coloris au choix,"3,90 €",58697,https://www.lamaison.fr/0498141.html
0498109,6942138981865,BESTWAY,Piscine hors sol Steel Pro Max Ø366x76 cm FAC BESTWAY,"169,00 €",56416,https://www.lamaison.fr/0498109.html
0498108,6941607309520,BESTWAY,"Piscine hors sol Fast Set 366x76 cm, filtration à cartouche","99,90 €",57445,https://www.lamaison.fr/0498108.html
0434623,3420900123888,ECOGENE,Kit d'entretien complet tout en un pour spa ECOGENE,"44,50 €",236216,https://www.lamaison.fr/0434623.html
0488526,3420900121389,ECOGENE,Anti-algues pour spa 1L ECOGENE,"7,95 €",198804,https://www.lamaison.fr/0488526.html
0434624,3420900123871,ECOGENE,Pot brome pour spa en pastille 1kg ECOGENE,"29,95 €",236141,https://www.lamaison.fr/0434624.html
0332869,3277360010070,FEUDOR,Allume-feu bois compressé (x96),"8,50 €",33,https://www.lamaison.fr/0332869.html
0332868,3277360010063,FEUDOR,Cubes allume-feu bois compressé (x32),"2,29 €",33,https://www.lamaison.fr/0332868.html
0332870,3277360010179|3277360355256,FEUDOR,Cubes allume-feu bois compressé (x96) + 24 offerts,"8,50 €",33955251,https://www.lamaison.fr/0332870.html
0191387,3277360000705|327736000075|7310688001286,FEUDOR,"Allumettes extra longues 9,5cm","1,90 €",33,https://www.lamaison.fr/0191387.html
0356340,7310685000039,FEUDOR,Allumettes F16 FSC décoration pack de 4,"3,19 €",33168004,https://www.lamaison.fr/0356340.html
0498122,6942138918878,BESTWAY,Bâche solaire Ø356 cm piscine hors sol ronde Ø366 cm BESTWAY,"74,90 €",58242,https://www.lamaison.fr/0498122.html
0227686,3390770004047,GRILL O'BOIS,Pierre de Lave 4kg GRILL O'BOIS,"8,50 €",404,https://www.lamaison.fr/0227686.html
0268617,0077924012853|077924012853,WEBER,Planche à fumer en cèdre (x2),"22,99 €",17522,https://www.lamaison.fr/0268617.html
8047005,3760053970022|3390770005129|3390770005525,GRILL O'BOIS,Charbon de bois 20L Qualité Supérieure GRILL O'BOIS,"7,99 €",511,https://www.lamaison.fr/8047005.html
8067443,3390770004023,GRILL O'BOIS,Sarment de vigne 20L GRILL O'BOIS,"7,99 €",402,https://www.lamaison.fr/8067443.html
8055300,3390770000575|3760038540011,GRILL O'BOIS,Charbon de bois 50L Qualité Restaurant GRILL O'BOIS,"16,07 €",571,https://www.lamaison.fr/8055300.html
0332871,8710732232038|8710732800022,CRICKET,Blister de 2 briquets Eco,"2,19 €",33,https://www.lamaison.fr/0332871.html
0207751,4007467274889|3277360000262|3540709010308|3760061212213,FEUDOR,Allume-feu liquide instantané 1L,"6,95 €",33,https://www.lamaison.fr/0207751.html
0215965,8710732230409,CRICKET,Blister de 2 recharges de gaz,"3,50 €",33012300,https://www.lamaison.fr/0215965.html
0191386,7310688001521|3277360000750|7310688002269,FEUDOR,Allumettes cuisine pack de 3,"1,70 €",33,https://www.lamaison.fr/0191386.html
0232811,8710732230461,CRICKET,Allume-gaz rechargeable tête flexible,"5,50 €",33,https://www.lamaison.fr/0232811.html
0281920,3277360010223,FEUDOR,Allume-feu gel naturel 1L,"7,50 €",33,https://www.lamaison.fr/0281920.html
0191390,8710732221414|3179110001140,CRICKET,Allume-gaz rechargeable,"4,50 €",33012118,https://www.lamaison.fr/0191390.html
0250618,3390770000773,GRILL O'BOIS,Bouchon laine de bois allume-feu (x40) GRILL O'BOIS,"7,50 €",77,https://www.lamaison.fr/0250618.html
0498119,6941607333365,BESTWAY,Aspirateur pour spa à brancher sur la sortie d'eau BESTWAY,"24,90 €",60323,https://www.lamaison.fr/0498119.html
0498120,6941607326664,BESTWAY,Tapis de sol effet bois 12 dalles de 50.8 x 50.8 cm,"22,90 €",58712,https://www.lamaison.fr/0498120.html
0498124,6942138918854,BESTWAY,Bâche solaire 380x180cm pour piscine rectangulaire BESTWAY,"44,90 €",58240,https://www.lamaison.fr/0498124.html
0498127,6942138984873,BESTWAY,Bâche 4 saisons pour piscine hors sol Fast Set ronde Ø244cm,"9,50 €",58032,https://www.lamaison.fr/0498127.html
0498126,3663707004848,BESTWAY,Bâche solaire 524x250cm piscine rectangulaire PowerSteel™,"54,95 €",58250E,https://www.lamaison.fr/0498126.html
0498121,6942138918328,BESTWAY,Bâche solaire Ø210cm pour piscine hors sol Fast Set Ø244cm,"8,99 €",58060,https://www.lamaison.fr/0498121.html
0498123,6942138918946,BESTWAY,Bâche solaire Ø417 cm piscine hors sol ronde Ø427 à 457cm,"84,90 €",58252,https://www.lamaison.fr/0498123.html
0498128,6942138951646,BESTWAY,Bâche 4 saisons pour piscine hors sol ronde Ø360/366cm,"19,90 €",58037,https://www.lamaison.fr/0498128.html
0498125,3663707004886,BESTWAY,Bâche solaire 466x280 cm pour piscine ovale PowerSteel ,"49,95 €",58305E,https://www.lamaison.fr/0498125.html
0498129,6942138918502,BESTWAY,Bâche 4 saisons pour piscine hors sol SteelPro rectangulaire,"19,90 €",58107,https://www.lamaison.fr/0498129.html
0498131,6941607333150|6942138970586,BESTWAY,Filtre à sable Flowclear 8 - 327 m³/h BESTWAY,"299,90 €",58499,https://www.lamaison.fr/0498131.html
0498132,6942138918229,BESTWAY,Cartouche Type III/ A BESTWAY,"5,99 €",58012,https://www.lamaison.fr/0498132.html
0498139,6942138983067,BESTWAY,Brosse Flowclear longueur 50.5 cm Ø30 mm BESTWAY,"7,90 €",58280,https://www.lamaison.fr/0498139.html
0498138,6942138914931,BESTWAY,"Manche aluminium télescopique Ø 30mm L.3,60 m BESTWAY","17,90 €",58279,https://www.lamaison.fr/0498138.html
0498130,6941607333068|6942138970562,BESTWAY,Filtre à sable Flowclear 5 - 678 m³/h BESTWAY,"234,90 €",58497,https://www.lamaison.fr/0498130.html
0498135,3663707012713,BESTWAY,Robot aspirateur électrique Mia piscines à fond plat 3.5m,"299,00 €",58478,https://www.lamaison.fr/0498135.html
0498134,6942138935202,BESTWAY,Réchauffeur solaire 171x110 cm BESTWAY,"82,90 €",58423,https://www.lamaison.fr/0498134.html
0498136,6942138914917,BESTWAY,Épuisette de surface Ø 30 mm BESTWAY,"5,90 €",58277,https://www.lamaison.fr/0498136.html
0498118,6942138904864|6941607348741,BESTWAY,Balai aspirateur électrique Aquascan BESTWAY,"47,95 €",60327,https://www.lamaison.fr/0498118.html
0498142,3760275212054,BESTWAY,Pistolet à eau Waterflash Ø5 cm 33 cm - Vendu à l'unité,"3,90 €",17083,https://www.lamaison.fr/0498142.html
0345192,0077924039492,WEBER,Boîte de bois de fumage pommier,"8,49 €",17621,https://www.lamaison.fr/0345192.html
0498140,6941607330586,BESTWAY,Flotteur chimique + gant de protection Chemguard™ ,"9,90 €",58701,https://www.lamaison.fr/0498140.html
0498144,6942138930573,BESTWAY,Bouée piscine pneu Ø91 cm BESTWAY,"4,90 €",36016,https://www.lamaison.fr/0498144.html
0492525,3222879871018,TRIGANO,"Piscine métal hors sol SAPHIR 4,85 x 1,20 m","1 239,00 €",J-PI8710-1,https://www.lamaison.fr/0492525.html
0344700,0077924048838|077924048838,WEBER,Boîte de bois de fumage pour porc,"7,99 €",17644,https://www.lamaison.fr/0344700.html
0344702,0077924048807|077924048807,WEBER,Boîte de bois de fumage pour bœuf,"7,99 €",17663,https://www.lamaison.fr/0344702.html
0492519,3222879957002,TRIGANO,"Piscine métal hors sol aspect bois OSMOSE 5,20x3,95x1,32 m","2 069,00 €",J-PI9570,https://www.lamaison.fr/0492519.html
0492524,3222879870011,TRIGANO,"Piscine métal hors sol SAPHIR 3,90 x 1,20 m","1 079,00 €",J-PI8700-1,https://www.lamaison.fr/0492524.html
0492521,3222879953004,TRIGANO,"Piscine métal hors sol aspect bois OSMOSE 7,60x3,95x1,32 m","3 059,00 €",J-PI9530,https://www.lamaison.fr/0492521.html
0492520,3222879952502,TRIGANO,"Piscine métal hors sol aspect bois OSMOSE 6,40x3,95x1,32 m","2 679,00 €",J-PI9525,https://www.lamaison.fr/0492520.html
0498104,6941607341308,BESTWAY,Spa gonflable Milan rond 4/6Places 196x71 cm BESTWAY,"599,00 €",60029,https://www.lamaison.fr/0498104.html
0492523,3222879954001,TRIGANO,"Piscine métal hors sol aspect bois OSMOSE 9,45x4,90x1,32 m","3 629,00 €",J-PI9540,https://www.lamaison.fr/0492523.html
0492522,3222879953509,TRIGANO,"Piscine métal hors sol aspect bois OSMOSE 7,95x4,90x1,32 m","3 239,00 €",J-PI9535,https://www.lamaison.fr/0492522.html
0492517,3222879950003,TRIGANO,"Piscine métal hors sol aspect bois OSMOSE 3,95 x 1,32 m","1 449,00 €",J-PI9500,https://www.lamaison.fr/0492517.html
0492518,3222879951017,TRIGANO,"Piscine métal hors sol aspect bois OSMOSE 4,90x1,32 m","1 589,00 €",J-PI9510-10,https://www.lamaison.fr/0492518.html
0498102,6942138975796,BESTWAY,Spa gonflable rond Miami 2/4 places 180x66cm BESTWAY,"449,00 €",60001,https://www.lamaison.fr/0498102.html
0498105,6941607341353,BESTWAY,Spa gonflable Mauritius 5/7Places 270x180x71cm BESTWAY,"699,00 €",60067,https://www.lamaison.fr/0498105.html
0498103,6941607341209,BESTWAY,Spa gonflable Honolulu 4/6 places 196x71 cm  BESTWAY,"519,00 €",60019,https://www.lamaison.fr/0498103.html
0498146,6942138939064,BESTWAY,Bouée plage piscine Donuts 107 cm BESTWAY,"9,90 €",36118,https://www.lamaison.fr/0498146.html
0498106,6941607330180,BESTWAY,Spa gonflable Santorini 5/7P 216x80 cm BESTWAY,"1 129,00 €",60075,https://www.lamaison.fr/0498106.html
0498111,6942138982435,BESTWAY,Piscine hors sol Steel Pro Max 366x100cm FAC BESTWAY,"269,00 €",56418,https://www.lamaison.fr/0498111.html
0498112,6941607327517|6942138983258,BESTWAY,Piscine hors sol Steel Pro Max 427x122 cm FAC BESTWAY,"399,00 €",5612X,https://www.lamaison.fr/0498112.html
0498107,6941607310014,BESTWAY,Piscine hors sol Fast Set 244x61 cm FAC BESTWAY,"62,95 €",57450,https://www.lamaison.fr/0498107.html
0498115,6942138939187,BESTWAY,"Starter Set pour spa, kit de traitement 6 composants BESTWAY","16,95 €",59052,https://www.lamaison.fr/0498115.html
0319072,0077924036538|0077924036569|077924036569|0077924048869|077924036538|077924048869,WEBER,Briquettes 4 kg,"11,49 €",17590,https://www.lamaison.fr/0319072.html
0492526,3222879513505,TRIGANO,"Piscine métal hors sol SAPHIR 7,90 x 4,85 m x 1,20 m","2 119,00 €",J-PI5135,https://www.lamaison.fr/0492526.html
0431579,3288380494009,ECOGENE,Brosse piscine 45 cm ECOGENE,"10,50 €",005702,https://www.lamaison.fr/0431579.html
0344698,0077924039416|077924039416,WEBER,Sciure pour fumage à froid hêtre,"6,79 €",17614,https://www.lamaison.fr/0344698.html
0498117,6941607310342,BESTWAY,Coussins rembourrés  23x13x5 cm compatibles tous Lay-Z-Spa,"12,90 €",60316,https://www.lamaison.fr/0498117.html
0498116,6942138981155,BESTWAY,Lot de 2 cartouches Type VI pour spa gonflable Lay-Z-Spa,"8,50 €",60311,https://www.lamaison.fr/0498116.html
0344701,0077924048845|077924048845,WEBER,Boîte de bois de fumage pour fruits de mer,"7,99 €",17665,https://www.lamaison.fr/0344701.html
0431582,3288380497000,ECOGENE,"Manche télescopique 1,80 m - 3,60 m ECOGENE","26,90 €",005769,https://www.lamaison.fr/0431582.html
0444451,3325310029440,SPIDO,Groupe de Filtration Piscine COMBO 10 SPIDO,"356,90 €",:,https://www.lamaison.fr/0444451.html
0444456,3325310029617,SPIDO,Pompe de piscine SPR 500 SPIDO,"164,90 €",:,https://www.lamaison.fr/0444456.html
0444458,3325310029631,SPIDO,Pompe de piscine SPR 1100 SPIDO,"292,90 €",:,https://www.lamaison.fr/0444458.html
0444457,3325310029624,SPIDO,Pompe de piscine SPR 800 SPIDO,"219,90 €",:,https://www.lamaison.fr/0444457.html
0444450,3325310029433,SPIDO,Groupe de Filtration Piscine COMBO 6 SPIDO,"292,90 €",:,https://www.lamaison.fr/0444450.html
0444449,3325310029426,SPIDO,Groupe de Filtration Piscine COMBO 4 SPIDO,"264,90 €",:,https://www.lamaison.fr/0444449.html
0444455,3325310029600,SPIDO,Pompe de piscine SPR 300 SPIDO,"144,90 €",:,https://www.lamaison.fr/0444455.html
0444448,3325310029419,SPIDO,Groupe de Filtration Piscine COMBO S2 SPIDO,"219,90 €",:,https://www.lamaison.fr/0444448.html
0444446,3325310029396,SPIDO,Groupe de Filtration Piscine COMBO-KIT SPIDO,"139,90 €",:,https://www.lamaison.fr/0444446.html
0484894,4078500096102,GARDENA,Douche de jardin solo GARDENA,"40,20 €",961-20,https://www.lamaison.fr/0484894.html
0484893,4078500095907,GARDENA,Douche de jardin duo GARDENA,"50,29 €",959-20,https://www.lamaison.fr/0484893.html
0492084,3760275212702,BESTWAY,Robot aspirateur Frisbee autonome pour piscine BESTWAY,"139,90 €",12702,https://www.lamaison.fr/0492084.html
0444447,3325310029402,SPIDO,Groupe de Filtration Piscine COMBO S1 SPIDO,"179,90 €",:,https://www.lamaison.fr/0444447.html
0435737,3664625250997,LUMIX,Spa gonflable 4 places turquoise LUMIX,"399,00 €",LUMSPA4-TUR,https://www.lamaison.fr/0435737.html
0492080,6942138983210,BESTWAY,Piscine hors sol ronde Steel Pro Max Ø 427 x 84 cm BESTWAY,"249,00 €",56595,https://www.lamaison.fr/0492080.html
0435741,3664625257156,LUMIX,Filtre pour spa LUMIX,"12,90 €",LUMSPFILT/WHT,https://www.lamaison.fr/0435741.html
0492079,6942138949704,BESTWAY,Piscine hors sol rectangulaire Steel Pro 400x211x81 cm,"199,00 €",56424,https://www.lamaison.fr/0492079.html
0492083,6942138918410,BESTWAY,Lot de 2 cartouches Type II BESTWAY,"7,99 €",58094,https://www.lamaison.fr/0492083.html
0492082,6942138918403,BESTWAY,Lot de 2 cartouches Type I BESTWAY,"6,50 €",58093,https://www.lamaison.fr/0492082.html
0431608,3420900115838,ECOGENE,Kit d'entretien spa à l'oxygène actif ECOGENE,"24,95 €",159442,https://www.lamaison.fr/0431608.html
0492081,6942138966275,BESTWAY,"Filtre à cartouche 3,028 m³/h 32 W BESTWAY","49,90 €",58386,https://www.lamaison.fr/0492081.html
0492078,6941607309995,BESTWAY,Piscine hors sol ronde Fast Set Ø 244 x 61 cm BESTWAY,"34,95 €",57448,https://www.lamaison.fr/0492078.html
0431589,3420900123246,ECOGENE,Bidon anti-algues 5L non moussant ECOGENE,"15,90 €",230540,https://www.lamaison.fr/0431589.html
0431581,3420900108878,ECOGENE,Balai 8 roues pro ECOGENE,"38,90 €",073189,https://www.lamaison.fr/0431581.html
0256246,3420900109011,ECOGENE,Chlore pastilles 20g spécial boîte à chlore 2kg,"25,90 €",073528,https://www.lamaison.fr/0256246.html
0336830,3420900113001,ECOGENE,Cartouche de remplacement pour filtre épurateur,"9,35 €",136077,https://www.lamaison.fr/0336830.html
0256251,3420900101459,ECOGENE,Cartouches floculantes (8*125g) - Boîte de 1kg,"12,75 €",115741,https://www.lamaison.fr/0256251.html
0256247,3420900124960|3288380423276,ECOGENE,Chlore galets 250g - 5kg ECOGENE,"44,50 €",003087,https://www.lamaison.fr/0256247.html
0336832,3420900102692,ECOGENE,Nettoyant ligne de flottaison gel 750ml,"10,25 €",080309,https://www.lamaison.fr/0336832.html
0256245,3288380425072,ECOGENE,Chlore granules  1kg ECOGENE,"13,15 €",003434,https://www.lamaison.fr/0256245.html
0256249,3420900105631,ECOGENE,Maxi chlore galets 250g - 5 actions  2kg ECOGENE,"28,50 €",095265,https://www.lamaison.fr/0256249.html
0256254,3288380465078,ECOGENE,Kit analyseur PH et chlore + pastilles,"10,50 €",005066,https://www.lamaison.fr/0256254.html
0336831,3420900102722,ECOGENE,Brosse ligne de flottaison ECOGENE,"4,25 €",081166,https://www.lamaison.fr/0336831.html
0431587,3420900102678,ECOGENE,Seau traitement choc à l'oxygène actif 2 kg ECOGENE,"39,90 €",080283,https://www.lamaison.fr/0431587.html
0431605,3420900121365,ECOGENE,Seau PH plus en poudre pour spa 1kg ECOGENE,"12,50 €",198788,https://www.lamaison.fr/0431605.html
0431575,3288380491008,ECOGENE,Épuisette de surface Cavalier ECOGENE,"6,50 €",005553,https://www.lamaison.fr/0431575.html
0406069,3760095559001,kg,Sable de filtration piscine 25 kg,"9,71 €",S25FIP,https://www.lamaison.fr/0406069.html
0431588,3420900104580,ECOGENE,Kit d'entretien piscines hors sol oxygène actif ECOGENE,"21,50 €",090076,https://www.lamaison.fr/0431588.html
0431596,3420900123253,ECOGENE,Bidon PH moins liquide 5L nouvelle formule 2021 ECOGENE,"15,99 €",231308,https://www.lamaison.fr/0431596.html
0431584,3420900109691,ECOGENE,Pré-filtres pour panier de skimmer sachet de 5 ECOGENE,"4,95 €",076521,https://www.lamaison.fr/0431584.html
0256255,3420900436032,ECOGENE,Kit réparation liner ECOGENE,"7,50 €",052381,https://www.lamaison.fr/0256255.html
0431604,3420900121372,ECOGENE,Poudre PH moins pour spa 1kg ECOGENE,"12,50 €",198796,https://www.lamaison.fr/0431604.html
0431590,3288380411273|3420900126124,ECOGENE,Bidon Super anti-algues 5L ECOGENE,"29,90 €",266668,https://www.lamaison.fr/0431590.html
0530319,0629162614278,NAPOLEON,Housse de barbecue avec tablettes levées Rogue 425,"95,90 €",61427,https://www.lamaison.fr/0530319.html
0431594,3288380421173,ECOGENE,Pastilles chlore choc seau de 2kg ECOGENE,"21,50 €",002659,https://www.lamaison.fr/0431594.html
0319073,077924036545|0077924036545|077924036576|0077924036576|077924048876|0077924048876,WEBER,Briquettes 8 kg,"19,90 €",17591,https://www.lamaison.fr/0319073.html
0431576,3420900121402,ECOGENE,Recharge analyseur PH et brome avec pastilles ECOGENE,"8,70 €",198820,https://www.lamaison.fr/0431576.html
0504469,3224780041948,ENO,Couvercle de protection noir pour plancha FUSION 60,"149,90 €",CPX60,https://www.lamaison.fr/0504469.html
9376063,0629162614445,NAPOLEON,Housse de barbecue avec table repliable Freestyle 365/425,"84,90 €",61444,https://www.lamaison.fr/9376063.html
0504466,3224780043126,ENO,Kit 4 boules inox pour éponge à gratter,"11,50 €",KBI4,https://www.lamaison.fr/0504466.html
0504459,3224780040668,ENO,Spatule large ajourée coudée,"24,90 €",SPA12058,https://www.lamaison.fr/0504459.html
0504460,3224780040682,ENO,Pelle à moules en inox,"29,90 €",PLM12058,https://www.lamaison.fr/0504460.html
0438358,3224780040132,ENO,Desserte Oscar inox,"299,00 €",CFI52,https://www.lamaison.fr/0438358.html
0438355,3224780042181,ENO,Capot acier galvanisé noir pour plancha Initial 50,"59,90 €",CPI50,https://www.lamaison.fr/0438355.html
0504461,3224780040705,ENO,Pince large en inox,"24,90 €",PL8558,https://www.lamaison.fr/0504461.html
0438362,3224780041924,ENO,Desserte Achille inox avec porte,"609,00 €",PDIS0185,https://www.lamaison.fr/0438362.html
0484248,3224780040309,ENO,Housse pour combo 60/65 cm pop-up,"59,90 €",HCI65,https://www.lamaison.fr/0484248.html
0438359,3224780041870,ENO,Dessert Achille acier avec rideau gris cargo,"329,00 €",DAS70,https://www.lamaison.fr/0438359.html
0504462,3224780040767,ENO,Cloche de cuisson rectangulaire en inox,"59,90 €",CR3158,https://www.lamaison.fr/0504462.html
0484249,3430650086708,ENO,Tuyau gaz butane/propane 1m en inox,"39,90 €",P010630,https://www.lamaison.fr/0484249.html
0438361,3224780041917,ENO,Desserte Achille acier avec porte gris cargo,"539,00 €",PDAS7085,https://www.lamaison.fr/0438361.html
0438360,3224780041887,ENO,Desserte Achille inox avec rideau,"399,00 €",DIS01,https://www.lamaison.fr/0438360.html
0438357,3224780038276,ENO,Desserte Emile en bois et hpl noir,"369,90 €",DPN53,https://www.lamaison.fr/0438357.html
0381377,8436550204230,A, Plancha à gaz Forge Adour Origin G 60 A,"499,00 €",ORIGIN,https://www.lamaison.fr/0381377.html
0438356,3224780042198,ENO,Capot acier galvanisé noir pour plancha Initial 65,"78,90 €",CPI65,https://www.lamaison.fr/0438356.html
0418134,3563880095872,KRAMPOUZ,Chariot Plein Air KRAMPOUZ,"419,16 €",KHEA05,https://www.lamaison.fr/0418134.html
0381379,8436550204261,FORGE ADOUR,Plancha à gaz BASE FORGE ADOUR,"359,00 €",BASE,https://www.lamaison.fr/0381379.html
0418137,3563880112173,KRAMPOUZ,Housse pour chariot Plein Air Compact KRAMPOUZ,"78,50 €",AHC5,https://www.lamaison.fr/0418137.html
0438354,3224780040316,ENO,Housse chariot 80/90,"69,95 €",HCI085,https://www.lamaison.fr/0438354.html
0502653,0077924196515|077924196515,WEBER,Kit polyvalent pour barbecue Lumin Compact WEBER,"89,90 €",6613,https://www.lamaison.fr/0502653.html
0502652,0077924195327|077924195327,WEBER,Housse Premium pour barbecue Lumin WEBER,"44,90 €",7199,https://www.lamaison.fr/0502652.html
0502656,0077924193569|077924193569,WEBER,Spatule rigide pour plancha WEBER,"24,90 €",6779,https://www.lamaison.fr/0502656.html
0502657,0077924193576|077924193576,WEBER,Spatule flexible pour plancha WEBER,"24,90 €",6780,https://www.lamaison.fr/0502657.html
0418133,3563880101955,KRAMPOUZ,Chariot Plein Air Compact KRAMPOUZ,"299,16 €",KHEC01,https://www.lamaison.fr/0418133.html
0418135,3563880105229,KRAMPOUZ,Housse pour plancha Samba KRAMPOUZ,"48,50 €",AHP4,https://www.lamaison.fr/0418135.html
0418138,3563880112166,KRAMPOUZ,Housse pour chariot Plein Air KRAMPOUZ,"88,50 €",AHC4,https://www.lamaison.fr/0418138.html
0418136,3563880103119,KRAMPOUZ,Housse pour barbecue Mythic KRAMPOUZ,"43,90 €",AHB1,https://www.lamaison.fr/0418136.html
0504266,3292194565039,plancha,Lot de 3 accessoires barbecue et plancha,"29,95 €",456503CDS,https://www.lamaison.fr/0504266.html
0425865,3563880092734,KRAMPOUZ,Housse pour plancha Design et K KRAMPOUZ,"50,90 €",AHP3,https://www.lamaison.fr/0425865.html
0418142,3563880102549,KRAMPOUZ,Barquettes pour barbecue Mythic et DUO K KRAMPOUZ (Lot de 2),"19,90 €",ABB1,https://www.lamaison.fr/0418142.html
0504573,0077924193613|077924193613,WEBER,Couvercle de cuisson pour plancha WEBER,"49,90 €",6783,https://www.lamaison.fr/0504573.html
0504574,0077924193637|077924193637,WEBER,Presse à burger en fonte WEBER,"39,90 €",6785,https://www.lamaison.fr/0504574.html
0504575,0077924161780,WEBER,Grille Spirit pour séries 300 et Smokefire WEBER,"79,99 €",7011,https://www.lamaison.fr/0504575.html
0528698,0077924159619|077924159619,WEBER,Spatule en acier inoxydable WEBER,"11,99 €",6318,https://www.lamaison.fr/0528698.html
0528693,0077924991929|077924991929,WEBER,Housse Premium pour plancha 43 cm WEBER,"49,99 €",3400112,https://www.lamaison.fr/0528693.html
0528695,0077924991905|077924991905,WEBER,Housse pour plancha 76 cm WEBER,"99,99 €",3400110,https://www.lamaison.fr/0528695.html
0528697,0077924159602|077924159602,WEBER,Pince en acier inoxydable WEBER,"11,99 €",6317,https://www.lamaison.fr/0528697.html
9366193,3224780037316,ENO,Housse plancha 45/50 pop-up noire,"34,95 €",HPI45,https://www.lamaison.fr/9366193.html
0389610,0077924122873|077924122873,WEBER,Tête de remplacement pour éponge métallique,"5,79 €",6210,https://www.lamaison.fr/0389610.html
0358091,3292197050624,émaillée,Plancha gaz avec plaque Arenc en fonte émaillée,"299,00 €",705062,https://www.lamaison.fr/0358091.html
0386883,0077924051418|077924051418,WEBER,Chiffon microfibre,"3,79 €",17689,https://www.lamaison.fr/0386883.html
0437890,3292198043373,Oliana,Plancha électrique Oliana,"182,00 €",804337,https://www.lamaison.fr/0437890.html
0437888,3292197152373,émaillée,Plancha à gaz Solia 200 2 feux plaque fonte émaillée,"189,90 €",715237,https://www.lamaison.fr/0437888.html
8112662,3563880083671,KRAMPOUZ,Housse pour plancha Saveur double KRAMPOUZ,"50,90 €",AHP2,https://www.lamaison.fr/8112662.html
0437889,3292197162372,émaillée,Plancha à gaz Solia 300 3 feux plaque fonte émaillée,"249,90 €",716237,https://www.lamaison.fr/0437889.html
0502651,0077924195310|077924195310,WEBER,Housse Premium pour barbecue Lumin Stand WEBER,"69,90 €",7198,https://www.lamaison.fr/0502651.html
0438352,3224780041832,ENO,Plancha gaz Combo initial 50 inox 2 brûleurs,"499,00 €",55508385,https://www.lamaison.fr/0438352.html
0504467,3224780041849,ENO,Plancha gaz Combo initial 65 inox 3 brûleurs,"599,00 €",55658385,https://www.lamaison.fr/0504467.html
0483436,0077924189111|077924189111,WEBER,Pierre de cuisson rectangulaire pour barbecue à gaz,"59,99 €",18414,https://www.lamaison.fr/0483436.html
0504468,3224780041757,ENO,Plancha gaz Fusion 60 gris cargo 2 brûleurs,"489,00 €",580232700701,https://www.lamaison.fr/0504468.html
0483435,0077924189081|077924189081,WEBER,Pierre de cuisson ronde Ø36 cm pour barbecue à charbon,"44,99 €",18412,https://www.lamaison.fr/0483435.html
0437921,0077924179709|077924179709,WEBER,Tapis de protection grand format WEBER,"59,90 €",18280,https://www.lamaison.fr/0437921.html
0437923,0077924180392|077924180392,WEBER,Kit de nettoyage pour barbecue gaz émaillé WEBER,"74,99 €",18284,https://www.lamaison.fr/0437923.html
0437913,0077924180439|077924180439,WEBER,Housse Premium pour Genesis 400 WEBER,"149,99 €",7195,https://www.lamaison.fr/0437913.html
0437916,0077924174346|077924174346,WEBER,Panier à griller Crafted WEBER,"74,90 €",7683,https://www.lamaison.fr/0437916.html
0437918,0077924174407|077924174407,WEBER,Grille de saisie double face Crafted WEBER,"116,95 €",7680,https://www.lamaison.fr/0437918.html
0437892,3292199191479,plancha,Desserte acier avec crédence pour plancha,"189,90 €",919147,https://www.lamaison.fr/0437892.html
0437914,0077924174360|077924174360,WEBER,Plancha Crafted WEBER,"116,95 €",7682,https://www.lamaison.fr/0437914.html
0437915,0077924174384|077924174384,WEBER,Pierre de cuisson vitrifiée Crafted WEBER,"116,95 €",7681,https://www.lamaison.fr/0437915.html
0431121,5413821019765,FORGE ADOUR,Spatule courte coudée POM - FORGE ADOUR,"23,99 €",USTENSILES_SP,https://www.lamaison.fr/0431121.html
0437920,0077924162695|077924162695,WEBER,Gants en silicone WEBER,"27,49 €",7017,https://www.lamaison.fr/0437920.html
0437893,3292199792492,Halong,Desserte bois avec crédence pour plancha Halong,"244,90 €",9792490AF,https://www.lamaison.fr/0437893.html
0502646,0077924191947|077924191947,WEBER,Régulateur de chaleur du charbon WEBER,"69,90 €",7666,https://www.lamaison.fr/0502646.html
0502647,0077924193774|077924193774,WEBER,Plancha grand format pour Spirit 3 brûleurs WEBER,"199,90 €",6790,https://www.lamaison.fr/0502647.html
0502658,0077924159640|077924159640,WEBER,Cocotte 2 en 1 pour Gourmet BBQ System WEBER,"159,99 €",8857,https://www.lamaison.fr/0502658.html
0502648,0077924193781|077924193781,WEBER,Plancha grand format pour barbecue Genesis 3 brûleurs WEBER,"299,00 €",6791,https://www.lamaison.fr/0502648.html
0504464,3224780042204,ENO,Nettoyant pour surface emaillée spray 250 ml,"19,90 €",NP250,https://www.lamaison.fr/0504464.html
0502649,0077924194047|077924194047,WEBER,Housse pour barbecue Traveler WEBER,"59,90 €",7770,https://www.lamaison.fr/0502649.html
0502650,0077924194054|077924194054,WEBER,Plancha pour barbecue Traveler WEBER,"64,90 €",7034,https://www.lamaison.fr/0502650.html
0504465,3224780043119,ENO,Éponge 3 boules inox pour plancha,"19,50 €",SBI58,https://www.lamaison.fr/0504465.html
0528156,3224780043720,ENO,Plancha électrique Combo initial 50,"598,70 €",55518385,https://www.lamaison.fr/0528156.html
0437912,0077924180422|077924180422,WEBER,Housse Premium pour Genesis 300 WEBER,"139,99 €",7194,https://www.lamaison.fr/0437912.html
0504463,3224780035671,ENO,Plancha cleaner pâte d'argile ,"9,90 €",PMC300,https://www.lamaison.fr/0504463.html
0370856,077924059247|0077924059247,WEBER,Housse premium Spirit II 300 & Spirit EO-210/220 séries 300,"119,90 €",7183,https://www.lamaison.fr/0370856.html
0392884,0077924041112|077924041112,WEBER,Fumoir à froid Weber,"57,50 €",17636,https://www.lamaison.fr/0392884.html
0528157,3563880125333,KRAMPOUZ,Plancha électrique Samba inox KRAMPOUZ,"399,00 €",SAMBA,https://www.lamaison.fr/0528157.html
0344703,0077924035654|077924035654,WEBER,Housse premium pour séries Q 2000,"39,99 €",7118,https://www.lamaison.fr/0344703.html
0389601,0077924129674|077924129674,WEBER,Housse premium pour Smokefire 61 cm,"129,99 €",7192,https://www.lamaison.fr/0389601.html
0380611,0077924088872,WEBER,1 demi Grille Spirit II 210 & 310,"84,90 €",67499,https://www.lamaison.fr/0380611.html
0389603,0077924129810|077924129810,WEBER,Barquette aluminium - 6 pièces,"19,99 €",6498,https://www.lamaison.fr/0389603.html
0389606,0077924122705|077924122705,WEBER,Tapis de protection Weber,"36,90 €",17897,https://www.lamaison.fr/0389606.html
0376737,077924086571,WEBER,Housse pour Master-Touch Premium 57 cm,"44,90 €",7186,https://www.lamaison.fr/0376737.html
0370855,077924059230|0077924059230,WEBER,Housse premium Spirit II 200 & Spirit E-210 (excl. EO-210),"89,90 €",7182,https://www.lamaison.fr/0370855.html
0205193,0077924052798|077924074899|0077924074899,WEBER,"Plat de cuisson - en acier inoxydable, rectangle","36,90 €",6435,https://www.lamaison.fr/0205193.html
0437951,5420059844601|5420059853542,BARBECOOK,Planche à découper en bambou 40x30x3cm FSC 100% BARBECUE,"34,90 €",BC-ACC-7306,https://www.lamaison.fr/0437951.html
0437952,5420059844618,BARBECOOK,Planche à découper avec rainure 50x35x3cm FSC 100% BARBECOOK,"49,90 €",BC-ACC-7307,https://www.lamaison.fr/0437952.html
0528158,3563880123667,KRAMPOUZ,Plancha électrique Saveur inox KRAMPOUZ,"499,00 €",SAVEUR,https://www.lamaison.fr/0528158.html
0437950,5420059853535|5420059844595,BARBECOOK,Planche à découper 46.5x28x2.8cm FSC 100% BARBECOOK,"36,90 €",BC-ACC-7305,https://www.lamaison.fr/0437950.html
0437953,5420059853566,BARBECOOK,Planche à découper en bambou 43x28x2cm FSC 100% BARBECOOK,"29,90 €",BC-ACC-7308,https://www.lamaison.fr/0437953.html
0437949,5420059844588,BARBECOOK,Planche à hâcher en bambou 45x35x5cm FSC 100% BARBECOOK,"54,90 €",BC-ACC-7304,https://www.lamaison.fr/0437949.html
0415207,5400269238773,BARBECOOK,Tapis de grille souple noir 36x42cm BARBECOOK,"8,90 €",223.0226.000,https://www.lamaison.fr/0415207.html
0528159,3563880124091,KRAMPOUZ,Plancha électrique Design inox KRAMPOUZ,"629,00 €",DESIGN,https://www.lamaison.fr/0528159.html
0414770,0077924160509|077924160509,WEBER,Housse de transport pour barbacue Traveler WEBER,"59,90 €",7030,https://www.lamaison.fr/0414770.html
0528160,3563880125340,KRAMPOUZ,Plancha à gaz Samba inox KRAMPOUZ,"399,00 €",SAMBA,https://www.lamaison.fr/0528160.html
0414771,0077924159633|077924159633,WEBER,Set de brochettes 8 pièces WEBER,"11,99 €",6320,https://www.lamaison.fr/0414771.html
0414773,0077924159695|077924159695,WEBER,Kit 2 accessoires Spatule + pince Better WEBER,"47,90 €",6763,https://www.lamaison.fr/0414773.html
0414774,0077924159664|077924159664,WEBER,Pince Better de barbecue précision WEBER,"27,99 €",6760,https://www.lamaison.fr/0414774.html
0414775,0077924159671|077924159671,WEBER,Spatule Better de barbecue précision WEBER,"27,99 €",6761,https://www.lamaison.fr/0414775.html
0389615,0077924122682|077924122682,WEBER,Gants de protection en cuir WEBER,"34,90 €",17896,https://www.lamaison.fr/0389615.html
0414776,0077924159688|077924159688,WEBER,Spatule large Better WEBER,"29,99 €",6762,https://www.lamaison.fr/0414776.html
0323117,0077924073830|077924073830,WEBER,Panier à charbon pour barbecues Ø57 et 67 cm (x2),"28,99 €",7403,https://www.lamaison.fr/0323117.html
0264056,0077924021619|077924021619,WEBER,Chariot pour séries Q 1000/2000,"164,90 €",6557,https://www.lamaison.fr/0264056.html
0380623,3292194055394,grill,Grille simple de remplacement Bergamo Exel grill,"20,90 €",405539CDS,https://www.lamaison.fr/0380623.html
0426051,8436550205398,FORGE ADOUR,Capot acier modern 60 ch,"119,00 €",CPAM,https://www.lamaison.fr/0426051.html
0414772,0077924159701|077924159701,WEBER,Kit 3 accessoires,"67,99 €",6764,https://www.lamaison.fr/0414772.html
0239428,3292194705084|3326880007555,accessoires,Valisette barbecue 8 accessoires,"52,90 €",470508CDS,https://www.lamaison.fr/0239428.html
0380622,3292194051334,2000,Grille simple de remplacement Athènes Vulcano 2000,"15,95 €",495133CDS,https://www.lamaison.fr/0380622.html
0230998,077924004353|0077924004353,WEBER,Grille de saisie Gourmet BBQ System,"67,99 €",8834,https://www.lamaison.fr/0230998.html
0216548,0077924074059|077924074059,WEBER,Grille foyère pour barbecues Ø47 cm,"24,99 €",7440,https://www.lamaison.fr/0216548.html
0216549,0077924074066|077924074066,WEBER,Grille foyère pour barbecues Ø57 cm,"36,99 €",7441,https://www.lamaison.fr/0216549.html
0264059,0077924011887|0077924022166|077924011887,WEBER,Gant barbecue,"17,49 €",6472,https://www.lamaison.fr/0264059.html
0425799,3224780037309,ENO,Housse pour ensemble,"69,90 €",HCI120,https://www.lamaison.fr/0425799.html
0428444,3292194265045,inoxydable,Mallette 4 accessoires acier inoxydable,"35,99 €",426504CDS,https://www.lamaison.fr/0428444.html
0344716,0077924032011|077924032011,WEBER,Housse luxe Performer Premium/Deluxe GBS,"89,90 €",7146,https://www.lamaison.fr/0344716.html
0205192,0077924052781|0077924074882|077924074882,WEBER,Panier à légumes Deluxe,"42,99 €",6434,https://www.lamaison.fr/0205192.html
0425798,3224780037323,ENO,Housse pour plancha Océane 65,"34,90 €",HPI60,https://www.lamaison.fr/0425798.html
0425800,3224780040637,ENO,Spatule large inox,"24,90 €",SP12058,https://www.lamaison.fr/0425800.html
9985842,077924007644|0077924007644,WEBER,Grille de cuisson chromée pour barbecue Ø 57 cm,"36,99 €",8423,https://www.lamaison.fr/9985842.html
0414777,0077924129636|077924129636,WEBER,Assistant barbecue Connect smart Grilling Hub WEBER,"168,09 €",3202,https://www.lamaison.fr/0414777.html
0389614,0077924122637|077924122637,WEBER,Plancha céramique 39 x 31 cm,"82,90 €",17885,https://www.lamaison.fr/0389614.html
0414783,0077924032172,WEBER,Lot 5 barres Flavorizer acier émaillé Spirit 300 WEBER,"84,99 €",7636,https://www.lamaison.fr/0414783.html
0371829,077924018145|0077924018145,WEBER,Support de cuisson Deluxe pour poulet WEBER,"57,49 €",6731,https://www.lamaison.fr/0371829.html
0414780,0077924159534|077924159534,WEBER,Brosse inox triangulaire 46 cm WEBER,"14,99 €",6278,https://www.lamaison.fr/0414780.html
0414781,0077924159510|077924159510,WEBER,Brosse de nettoyage en bambou 46 cm WEBER,"12,99 €",6276,https://www.lamaison.fr/0414781.html
0414778,0077924159541|077924159541,WEBER,Brosse de précision WEBER,"12,99 €",6279,https://www.lamaison.fr/0414778.html
0528696,0077924199295|077924199295,WEBER,Wok multiusage fonte d'acier pour Gourmet BBQ System WEBER,"109,99 €",7607,https://www.lamaison.fr/0528696.html
0239448,077924011207|0077924011207,WEBER,Fumoir universel WEBER,"34,90 €",7576,https://www.lamaison.fr/0239448.html
0358098,077924059094|0077924059094,WEBER,Rôtissoire pour séries Spirit séries 200 et 300 WEBER,"167,49 €",8519,https://www.lamaison.fr/0358098.html
0205185,0779240751170|0077924075063|077924075063,WEBER,Plancha série Q 300/3000,"84,99 €",6506,https://www.lamaison.fr/0205185.html
0431598,3420900120610,ECOGENE,Bidon PH plus liquide 5L ECOGENE,"19,99 €",190314,https://www.lamaison.fr/0431598.html
0230996,0077924004902|077924004902,WEBER,Grille de cuisson Gourmet BBQ System barbecue Ø57 cm,"69,99 €",8835,https://www.lamaison.fr/0230996.html
0528162,3563880128624,KRAMPOUZ,Capot de protection inox pour plancha Samba KRAMPOUZ,"106,50 €",ACP11,https://www.lamaison.fr/0528162.html
0431577,3420900121419,ECOGENE,Kit analyseur PH et brome avec pastilles ECOGENE,"11,50 €",198838,https://www.lamaison.fr/0431577.html
0431591,3420900106911,ECOGENE,Bidon anti-algues multi-actions 5L ECOGENE,"29,90 €",062646,https://www.lamaison.fr/0431591.html
0431607,3420900121358,ECOGENE,Régénérateur au brome poudre pour spa 1kg ECOGENE,"21,90 €",198770,https://www.lamaison.fr/0431607.html
0344724,0077924031823|077924031823,WEBER,Roulette à pizza,"27,49 €",6690,https://www.lamaison.fr/0344724.html
0239456,0077924011894|077924011894,WEBER,Tablier,"24,99 €",6474,https://www.lamaison.fr/0239456.html
0323121,0077924037160|077924037160,WEBER,Poignée de grille Gourmet BBQ System,"28,99 €",08844,https://www.lamaison.fr/0323121.html
0344722,0077924011962|077924011962,WEBER,Support de cuisson pour poulet,"24,99 €",6482,https://www.lamaison.fr/0344722.html
0344720,0077924075285|3602018048134|0077924013072|077924013072,WEBER,Rôtissoire barbecues charbon Ø57 cm,"199,90 €",7494,https://www.lamaison.fr/0344720.html
0249577,0077924019036|077924019036,WEBER,Support de cuisson poulet Gourmet BBQ System,"79,99 €",8838,https://www.lamaison.fr/0249577.html
0239450,077924010835|0077924010835,WEBER,Support de cuisson Premium,"34,95 €",6469,https://www.lamaison.fr/0239450.html
0344719,0077924052088|077924052088,WEBER,Rôtissoire Genesis,"199,99 €",7654,https://www.lamaison.fr/0344719.html
0344730,0077924048395|077924048395,WEBER,Thermomètre digital,"23,09 €",6750,https://www.lamaison.fr/0344730.html
0264058,0077924019494|077924019494,WEBER,Cheminée d'allumage Rapidfire,"22,99 €",7447,https://www.lamaison.fr/0264058.html
0348259,0077924052453|077924052453,WEBER,iGrill 2,"150,09 €",7221,https://www.lamaison.fr/0348259.html
0249567,0077924007606|077924007606,WEBER,Grande barquette en aluminium XL (x5),"10,39 €",6454,https://www.lamaison.fr/0249567.html
0174041,077924060892|077924074769,WEBER,Grande barquette en aluminium (x10),"11,49 €",6416,https://www.lamaison.fr/0174041.html
0358099,077924051395|0077924051395,WEBER,Éponge de nettoyage (x2),"3,49 €",17688,https://www.lamaison.fr/0358099.html
0344728,0077924012006|077924012006,WEBER,Gants Premium - Taille L/XL,"59,99 €",6670,https://www.lamaison.fr/0344728.html
0268615,0077924060908|0077924075186|077924075186,WEBER,Brochettes doubles (x8),"17,99 €",8402,https://www.lamaison.fr/0268615.html
